--Customer

INSERT INTO Customer 
(FirstName, LastName, DOB, Email, Password, Contact)
VALUES
('Amit','Sharma','1998-03-29','amit.sharma@gmail.com','92Eac13CiJz','03008564501'),
('Rahul','Verma','1994-07-23','rahul.verma@gmail.com','yEN[J(78','03007365250'),
('Rakesh','Gupta','1991-06-07','rakesh.gupta@gmail.com','hLL77dq1_*','03235536781'),
('Sanjay','Mehta','1996-05-03','sanjay.mehta@gmail.com','(2R_N,yzx+g|','03212800124'),
('Vikram','Singh','1998-05-06','vikram.singh@gmail.com','|0.6rgsO&c','03366840140'),
('Ankit','Agarwal','1990-12-03','ankit.agarwal@gmail.com','.VsH43r*E)','03005901176'),
('Neha','Kapoor','1995-08-18','neha.kapoor@gmail.com','JZR-Fe1PG','03346953222'),
('Kunal','Malhotra','1990-05-18','kunal.malhotra@gmail.com','Sd1G2qHmk','03452633929'),
('Rohit','Iyer','1998-04-18','rohit.iyer@gmail.com','Zw`f<(yo8','03455562622'),
('Suresh','Nair','1993-09-17','suresh.nair@gmail.com','8+Sl`F),N','03454544444'),
('Arjun','Bansal','1997-11-28','arjun.bansal@gmail.com','K<RcGG2pH','03522225252'),
('Manish','Chopra','1996-02-16','manish.chopra@gmail.com','t2Mfrt|VM(','03355040790'),
('Pankaj','Joshi','1992-11-24','pankaj.joshi@gmail.com','by5WmXBn><jK','03355453606'),
('Deepak','Kulkarni','1995-08-30','deepak.kulkarni@gmail.com',':.iLPqKR','03404023447'),
('Nitin','Patel','1996-07-27','nitin.patel@gmail.com','cWc@kTnt','03352445993'),
('Harsh','Khandelwal','1994-06-01','harsh.khandelwal@gmail.com',')L8GnfADyEN[','03356594443'),
('Aakash','Jain','1990-05-27','aakash.jain@gmail.com','9>0Y3fLE2T','03460523205'),
('Ravi','Saxena','1990-08-10','ravi.saxena@gmail.com','<l0fp:H6j','03257240905'),
('Mohit','Tiwari','1996-03-04','mohit.tiwari@gmail.com','jgp@LW4IHbh','03332322470'),
('Sachin','Tripathi','1993-06-02','sachin.tripathi@gmail.com','&;i4g9WjWSIg','03006592549'),
('Varun','Khanna','1995-04-12','varun.khanna@gmail.com','ZxP9@Lm2','03011223344'),
('Shubham','Pandey','1997-09-21','shubham.pandey@gmail.com','QwE#45rT','03122334455'),
('Karan','Singh','1994-01-30','karan.singh@gmail.com','AsD$78Fg','03233445566'),
('Alok','Srivastava','1992-06-18','alok.srivastava@gmail.com','UiO*90Jh','03344556677'),
('Sanjay','Mishra','1991-11-09','sanjay.mishra@gmail.com','PlK@12Bn','03455667788'),
('Aman','Arora','1998-08-05','aman.arora@gmail.com','MnB#34Vx','03566778899'),
('Rohit','Chawla','1993-02-14','rohit.chawla@gmail.com','CvB$56Nm','03077889900'),
('Naveen','Goyal','1996-12-22','naveen.goyal@gmail.com','RtY%78Ui','03188990011'),
('Siddharth','Mathur','1995-07-19','siddharth.mathur@gmail.com','FgH^90Jk','03299001122'),
('Prateek','Saxena','1997-03-27','prateek.saxena@gmail.com','LpO@12Qw','03310112233'),
('Vivek','Rastogi','1994-10-16','vivek.rastogi@gmail.com','ZxC#34Vb','03421223344'),
('Abhishek','Dubey','1992-05-08','abhishek.dubey@gmail.com','MnQ$56We','03532334455'),
('Nikhil','Bhardwaj','1998-01-25','nikhil.bhardwaj@gmail.com','TyU%78Io','03043445566'),
('Rahul','Sethi','1993-09-03','rahul.sethi@gmail.com','PaS^90Df','03154556677'),
('Gaurav','Bhatia','1996-04-28','gaurav.bhatia@gmail.com','HjK@12Lm','03265667788'),
('Tarun','Aggarwal','1991-12-11','tarun.aggarwal@gmail.com','QwE#34Rt','03376778899'),
('Kartik','Ahuja','1995-06-02','kartik.ahuja@gmail.com','AsD$56Fg','03487889900'),
('Mayank','Goel','1997-08-17','mayank.goel@gmail.com','UiO*78Jh','03598990011'),
('Saurabh','Mittal','1994-03-09','saurabh.mittal@gmail.com','PlK@90Bn','03009001122'),
('Rajat','Kohli','1992-11-26','rajat.kohli@gmail.com','MnB#12Vx','03110112233'),
('Aditya','Shukla','1995-01-12','aditya.shukla@gmail.com','P@ssw0rd01','03010000001'),
('Rohan','Malik','1996-02-18','rohan.malik@gmail.com','P@ssw0rd02','03010000002'),
('Vishal','Yadav','1994-03-25','vishal.yadav@gmail.com','P@ssw0rd03','03010000003'),
('Sandeep','Choudhary','1993-04-09','sandeep.choudhary@gmail.com','P@ssw0rd04','03010000004'),
('Nilesh','Deshmukh','1992-05-17','nilesh.deshmukh@gmail.com','P@ssw0rd05','03010000005'),
('Prashant','Kulkarni','1995-06-21','prashant.kulkarni@gmail.com','P@ssw0rd06','03010000006'),
('Sameer','Rane','1996-07-14','sameer.rane@gmail.com','P@ssw0rd07','03010000007'),
('Akshay','More','1997-08-30','akshay.more@gmail.com','P@ssw0rd08','03010000008'),
('Swapnil','Patil','1994-09-11','swapnil.patil@gmail.com','P@ssw0rd09','03010000009'),
('Amol','Joshi','1993-10-05','amol.joshi@gmail.com','P@ssw0rd10','03010000010'),
('Shreyas','Gokhale','1992-11-19','shreyas.gokhale@gmail.com','P@ssw0rd11','03010000011'),
('Tejas','Bhave','1995-12-22','tejas.bhave@gmail.com','P@ssw0rd12','03010000012'),
('Ketan','Vaidya','1996-01-27','ketan.vaidya@gmail.com','P@ssw0rd13','03010000013'),
('Omkar','Sawant','1994-02-15','omkar.sawant@gmail.com','P@ssw0rd14','03010000014'),
('Ruturaj','Desai','1993-03-18','ruturaj.desai@gmail.com','P@ssw0rd15','03010000015'),
('Mandar','Apte','1992-04-23','mandar.apte@gmail.com','P@ssw0rd16','03010000016'),
('Sahil','Bansal','1995-05-29','sahil.bansal@gmail.com','P@ssw0rd17','03010000017'),
('Yash','Garg','1996-06-10','yash.garg@gmail.com','P@ssw0rd18','03010000018'),
('Himanshu','Mittal','1994-07-07','himanshu.mittal@gmail.com','P@ssw0rd19','03010000019'),
('Naveen','Arora','1993-08-13','naveen.arora@gmail.com','P@ssw0rd20','03010000020'),
('Kushal','Jindal','1992-09-24','kushal.jindal@gmail.com','P@ssw0rd21','03010000021'),
('Ritvik','Kashyap','1995-10-16','ritvik.kashyap@gmail.com','P@ssw0rd22','03010000022'),
('Apoorv','Tandon','1996-11-08','apoorv.tandon@gmail.com','P@ssw0rd23','03010000023'),
('Varun','Batra','1994-12-03','varun.batra@gmail.com','P@ssw0rd24','03010000024'),
('Lakshay','Suri','1993-01-14','lakshay.suri@gmail.com','P@ssw0rd25','03010000025'),
('Ishaan','Kapoor','1992-02-19','ishaan.kapoor@gmail.com','P@ssw0rd26','03010000026'),
('Anmol','Khanna','1995-03-28','anmol.khanna@gmail.com','P@ssw0rd27','03010000027'),
('Devansh','Awasthi','1996-04-06','devansh.awasthi@gmail.com','P@ssw0rd28','03010000028'),
('Raghav','Chopra','1994-05-11','raghav.chopra@gmail.com','P@ssw0rd29','03010000029'),
('Shaurya','Saxena','1993-06-17','shaurya.saxena@gmail.com','P@ssw0rd30','03010000030'),
('Aryan','Nanda','1992-07-22','aryan.nanda@gmail.com','P@ssw0rd31','03010000031'),
('Parth','Singhal','1995-08-27','parth.singhal@gmail.com','P@ssw0rd32','03010000032'),
('Manav','Goenka','1996-09-09','manav.goenka@gmail.com','P@ssw0rd33','03010000033'),
('Kunal','Seth','1994-10-14','kunal.seth@gmail.com','P@ssw0rd34','03010000034'),
('Aayush','Bhardwaj','1993-11-18','aayush.bhardwaj@gmail.com','P@ssw0rd35','03010000035'),
('Tushar','Rawat','1992-12-21','tushar.rawat@gmail.com','P@ssw0rd36','03010000036'),
('Ravindra','Negi','1995-01-26','ravindra.negi@gmail.com','P@ssw0rd37','03010000037'),
('Siddhant','Purohit','1996-02-08','siddhant.purohit@gmail.com','P@ssw0rd38','03010000038'),
('Bhavesh','Solanki','1994-03-12','bhavesh.solanki@gmail.com','P@ssw0rd39','03010000039'),
('Darshan','Trivedi','1993-04-16','darshan.trivedi@gmail.com','P@ssw0rd40','03010000040'),
('Hardik','Shah','1992-05-20','hardik.shah@gmail.com','P@ssw0rd41','03010000041'),
('Jay','Pandya','1995-06-24','jay.pandya@gmail.com','P@ssw0rd42','03010000042'),
('Ramesh','Vyas','1996-07-29','ramesh.vyas@gmail.com','P@ssw0rd43','03010000043'),
('Chirag','Mehta','1994-08-03','chirag.mehta@gmail.com','P@ssw0rd44','03010000044'),
('Nirav','Parekh','1993-09-07','nirav.parekh@gmail.com','P@ssw0rd45','03010000045'),
('Kishan','Raval','1992-10-11','kishan.raval@gmail.com','P@ssw0rd46','03010000046'),
('Yogesh','Panchal','1995-11-15','yogesh.panchal@gmail.com','P@ssw0rd47','03010000047'),
('Mahesh','Dave','1996-12-19','mahesh.dave@gmail.com','P@ssw0rd48','03010000048'),
('Pratik','Bhoir','1994-01-23','pratik.bhoir@gmail.com','P@ssw0rd49','03010000049'),
('Sagar','Kamble','1993-02-27','sagar.kamble@gmail.com','P@ssw0rd50','03010000050'),
('Vinayak','Shinde','1992-03-31','vinayak.shinde@gmail.com','P@ssw0rd51','03010000051'),
('Santosh','Gaikwad','1995-04-04','santosh.gaikwad@gmail.com','P@ssw0rd52','03010000052'),
('Dinesh','Lohar','1996-05-09','dinesh.lohar@gmail.com','P@ssw0rd53','03010000053'),
('Umesh','Chavan','1994-06-13','umesh.chavan@gmail.com','P@ssw0rd54','03010000054'),
('Rupesh','Borkar','1993-07-17','rupesh.borkar@gmail.com','P@ssw0rd55','03010000055'),
('Kailash','Pawar','1992-08-21','kailash.pawar@gmail.com','P@ssw0rd56','03010000056'),
('Ganesh','Mane','1995-09-25','ganesh.mane@gmail.com','P@ssw0rd57','03010000057'),
('Shankar','Jadhav','1996-10-29','shankar.jadhav@gmail.com','P@ssw0rd58','03010000058'),
('Balaji','Iyer','1994-11-02','balaji.iyer@gmail.com','P@ssw0rd59','03010000059'),
('Venkatesh','Rao','1993-12-06','venkatesh.rao@gmail.com','P@ssw0rd60','03010000060'),
('Karthik','Subramanian','1992-01-10','karthik.subramanian@gmail.com','P@ssw0rd61','03010000061'),
('Praveen','Kumar','1995-02-14','praveen.kumar@gmail.com','P@ssw0rd62','03010000062'),
('Arvind','Menon','1996-03-18','arvind.menon@gmail.com','P@ssw0rd63','03010000063'),
('Srinivas','Reddy','1994-04-22','srinivas.reddy@gmail.com','P@ssw0rd64','03010000064'),
('Madhav','Naidu','1993-05-26','madhav.naidu@gmail.com','P@ssw0rd65','03010000065'),
('Lokesh','Shetty','1992-06-30','lokesh.shetty@gmail.com','P@ssw0rd66','03010000066'),
('Harish','Gowda','1995-07-04','harish.gowda@gmail.com','P@ssw0rd67','03010000067'),
('Raghunath','Bhat','1996-08-08','raghunath.bhat@gmail.com','P@ssw0rd68','03010000068'),
('Suresh','Pai','1994-09-12','suresh.pai@gmail.com','P@ssw0rd69','03010000069'),
('Narayana','Murthy','1993-10-16','narayana.murthy@gmail.com','P@ssw0rd70','03010000070'),
('Ajith','Varma','1992-11-20','ajith.varma@gmail.com','P@ssw0rd71','03010000071'),
('Rahul','Pillai','1995-12-24','rahul.pillai@gmail.com','P@ssw0rd72','03010000072'),
('Manoj','Nambiar','1996-01-28','manoj.nambiar@gmail.com','P@ssw0rd73','03010000073'),
('Sandeesh','Krishnan','1994-02-01','sandeesh.krishnan@gmail.com','P@ssw0rd74','03010000074'),
('Biju','Thomas','1993-03-06','biju.thomas@gmail.com','P@ssw0rd75','03010000075'),
('Deepu','Mathew','1992-04-10','deepu.mathew@gmail.com','P@ssw0rd76','03010000076'),
('Anand','Joseph','1995-05-14','anand.joseph@gmail.com','P@ssw0rd77','03010000077'),
('Roy','Fernandes','1996-06-18','roy.fernandes@gmail.com','P@ssw0rd78','03010000078'),
('Lloyd','Dsilva','1994-07-22','lloyd.dsilva@gmail.com','P@ssw0rd79','03010000079'),
('Sean','Pereira','1993-08-26','sean.pereira@gmail.com','P@ssw0rd80','03010000080'),
('Francis','Dcruz','1992-09-30','francis.dcruz@gmail.com','P@ssw0rd81','03010000081'),
('Alfred','Pinto','1995-10-04','alfred.pinto@gmail.com','P@ssw0rd82','03010000082'),
('Brian','Rodrigues','1996-11-08','brian.rodrigues@gmail.com','P@ssw0rd83','03010000083'),
('Kevin','Sequeira','1994-12-12','kevin.sequeira@gmail.com','P@ssw0rd84','03010000084'),
('Ryan','Furtado','1993-01-16','ryan.furtado@gmail.com','P@ssw0rd85','03010000085'),
('Melvin','Lobo','1992-02-20','melvin.lobo@gmail.com','P@ssw0rd86','03010000086'),
('Jason','Noronha','1995-03-26','jason.noronha@gmail.com','P@ssw0rd87','03010000087'),
('Allan','Mascarenhas','1996-04-30','allan.mascarenhas@gmail.com','P@ssw0rd88','03010000088'),
('Nigel','Dsa','1994-05-04','nigel.dsa@gmail.com','P@ssw0rd89','03010000089'),
('Ivan','Cardozo','1993-06-08','ivan.cardozo@gmail.com','P@ssw0rd90','03010000090'),
('Aarav','Kulshreshtha','1995-01-05','aarav.kulshreshtha@gmail.com','Pwd@101','03020000001'),
('Ishan','Dwivedi','1996-02-09','ishan.dwivedi@gmail.com','Pwd@102','03020000002'),
('Kshitij','Mishra','1994-03-14','kshitij.mishra@gmail.com','Pwd@103','03020000003'),
('Saurav','Upadhyay','1993-04-18','saurav.upadhyay@gmail.com','Pwd@104','03020000004'),
('Anurag','Chaturvedi','1992-05-22','anurag.chaturvedi@gmail.com','Pwd@105','03020000005'),
('Pranav','Sharma','1995-06-26','pranav.sharma@gmail.com','Pwd@106','03020000006'),
('Ritvik','Nigam','1996-07-30','ritvik.nigam@gmail.com','Pwd@107','03020000007'),
('Abhinav','Bajpai','1994-08-03','abhinav.bajpai@gmail.com','Pwd@108','03020000008'),
('Shivam','Tiwari','1993-09-07','shivam.tiwari@gmail.com','Pwd@109','03020000009'),
('Amitabh','Srivastava','1992-10-11','amitabh.srivastava@gmail.com','Pwd@110','03020000010'),
('Rajat','Awasthi','1995-11-15','rajat.awasthi@gmail.com','Pwd@111','03020000011'),
('Naveen','Pathak','1996-12-19','naveen.pathak@gmail.com','Pwd@112','03020000012'),
('Gopal','Pandit','1994-01-23','gopal.pandit@gmail.com','Pwd@113','03020000013'),
('Mukul','Shastri','1993-02-27','mukul.shastri@gmail.com','Pwd@114','03020000014'),
('Yogendra','Panday','1992-03-31','yogendra.panday@gmail.com','Pwd@115','03020000015'),
('Harendra','Tripathi','1995-04-04','harendra.tripathi@gmail.com','Pwd@116','03020000016'),
('Dheeraj','Katiyar','1996-05-09','dheeraj.katiyar@gmail.com','Pwd@117','03020000017'),
('Sachendra','Singhal','1994-06-13','sachendra.singhal@gmail.com','Pwd@118','03020000018'),
('Kapil','Agnihotri','1993-07-17','kapil.agnihotri@gmail.com','Pwd@119','03020000019'),
('Hemant','Bhardwaj','1992-08-21','hemant.bhardwaj@gmail.com','Pwd@120','03020000020'),
('Nikhilesh','Kaushik','1995-09-25','nikhilesh.kaushik@gmail.com','Pwd@121','03020000021'),
('Ashutosh','Rana','1996-10-29','ashutosh.rana@gmail.com','Pwd@122','03020000022'),
('Bhuvan','Kumar','1994-11-02','bhuvan.kumar@gmail.com','Pwd@123','03020000023'),
('Satyam','Yogi','1993-12-06','satyam.yogi@gmail.com','Pwd@124','03020000024'),
('Rohilesh','Gupta','1992-01-10','rohilesh.gupta@gmail.com','Pwd@125','03020000025'),
('Udit','Narayan','1995-02-14','udit.narayan@gmail.com','Pwd@126','03020000026'),
('Manoj','Shukla','1996-03-18','manoj.shukla@gmail.com','Pwd@127','03020000027'),
('Narendra','Joshi','1994-04-22','narendra.joshi@gmail.com','Pwd@128','03020000028'),
('Gajendra','Singh','1993-05-26','gajendra.singh@gmail.com','Pwd@129','03020000029'),
('Virendra','Yadav','1992-06-30','virendra.yadav@gmail.com','Pwd@130','03020000030'),
('Mahavir','Lodhi','1995-07-04','mahavir.lodhi@gmail.com','Pwd@131','03020000031'),
('Lokendra','Rajput','1996-08-08','lokendra.rajput@gmail.com','Pwd@132','03020000032'),
('Devendra','Tomar','1994-09-12','devendra.tomar@gmail.com','Pwd@133','03020000033'),
('Balram','Chauhan','1993-10-16','balram.chauhan@gmail.com','Pwd@134','03020000034'),
('Surendra','Solanki','1992-11-20','surendra.solanki@gmail.com','Pwd@135','03020000035'),
('Mahendra','Sisodia','1995-12-24','mahendra.sisodia@gmail.com','Pwd@136','03020000036'),
('Dinesh','Parmar','1996-01-28','dinesh.parmar@gmail.com','Pwd@137','03020000037'),
('Jitendra','Rathore','1994-02-01','jitendra.rathore@gmail.com','Pwd@138','03020000038'),
('Kailash','Bhati','1993-03-06','kailash.bhati@gmail.com','Pwd@139','03020000039'),
('Pratap','Shekhawat','1992-04-10','pratap.shekhawat@gmail.com','Pwd@140','03020000040'),
('Narayan','Purohit','1995-05-14','narayan.purohit@gmail.com','Pwd@141','03020000041'),
('Madan','Acharya','1996-06-18','madan.acharya@gmail.com','Pwd@142','03020000042'),
('Govind','Joshi','1994-07-22','govind.joshi@gmail.com','Pwd@143','03020000043'),
('Hariom','Gaur','1993-08-26','hariom.gaur@gmail.com','Pwd@144','03020000044'),
('Bhupendra','Rawat','1992-09-30','bhupendra.rawat@gmail.com','Pwd@145','03020000045'),
('Shyamlal','Meena','1995-10-04','shyamlal.meena@gmail.com','Pwd@146','03020000046'),
('Rameshwar','Lal','1996-11-08','rameshwar.lal@gmail.com','Pwd@147','03020000047'),
('Kanhaiya','Gupta','1994-12-12','kanhaiya.gupta@gmail.com','Pwd@148','03020000048'),
('Suresh','Chandra','1993-01-16','suresh.chandra@gmail.com','Pwd@149','03020000049'),
('Jagdeep','Saini','1992-02-20','jagdeep.saini@gmail.com','Pwd@150','03020000050'),
('Bhaskar','Sharma','1995-03-26','bhaskar.sharma@gmail.com','Pwd@151','03020000051'),
('Mukesh','Jangid','1996-04-30','mukesh.jangid@gmail.com','Pwd@152','03020000052'),
('Hanuman','Suthar','1994-05-04','hanuman.suthar@gmail.com','Pwd@153','03020000053'),
('Roshan','Kumawat','1993-06-08','roshan.kumawat@gmail.com','Pwd@154','03020000054'),
('Ashok','Bishnoi','1992-07-12','ashok.bishnoi@gmail.com','Pwd@155','03020000055'),
('Pawan','Godara','1995-08-16','pawan.godara@gmail.com','Pwd@156','03020000056'),
('Naresh','Choudhary','1996-09-20','naresh.choudhary@gmail.com','Pwd@157','03020000057'),
('Mohan','Jat','1994-10-24','mohan.jat@gmail.com','Pwd@158','03020000058'),
('Bharat','Tak','1993-11-28','bharat.tak@gmail.com','Pwd@159','03020000059'),
('Kishore','Prajapat','1992-12-31','kishore.prajapat@gmail.com','Pwd@160','03020000060'),
('Shankar','Kalal','1995-01-15','shankar.kalal@gmail.com','Pwd@161','03020000061'),
('Ramlal','Regar','1996-02-19','ramlal.regar@gmail.com','Pwd@162','03020000062'),
('Girdhari','Lal','1994-03-23','girdhari.lal@gmail.com','Pwd@163','03020000063'),
('Sitaram','Mali','1993-04-27','sitaram.mali@gmail.com','Pwd@164','03020000064'),
('Heeralal','Bairwa','1992-05-31','heeralal.bairwa@gmail.com','Pwd@165','03020000065'),
('Prem','Bunkar','1995-06-04','prem.bunkar@gmail.com','Pwd@166','03020000066'),
('Ravindra','Sen','1996-07-08','ravindra.sen@gmail.com','Pwd@167','03020000067'),
('Ghanshyam','Soni','1994-08-12','ghanshyam.soni@gmail.com','Pwd@168','03020000068'),
('Murlidhar','Swami','1993-09-16','murlidhar.swami@gmail.com','Pwd@169','03020000069'),
('Dayaram','Jangra','1992-10-20','dayaram.jangra@gmail.com','Pwd@170','03020000070'),
('Arun','Kumar','1994-01-05','arun.kumar@gmail.com','Pwd@301','03030000001'),
('Suresh','Reddy','1993-02-09','suresh.reddy@gmail.com','Pwd@302','03030000002'),
('Venkatesh','Naidu','1992-03-14','venkatesh.naidu@gmail.com','Pwd@303','03030000003'),
('Ramesh','Iyer','1995-04-18','ramesh.iyer@gmail.com','Pwd@304','03030000004'),
('Balaji','Subramanian','1996-05-22','balaji.subramanian@gmail.com','Pwd@305','03030000005'),
('Karthik','Raman','1994-06-26','karthik.raman@gmail.com','Pwd@306','03030000006'),
('Prakash','Menon','1993-07-30','prakash.menon@gmail.com','Pwd@307','03030000007'),
('Mahesh','Pillai','1992-08-03','mahesh.pillai@gmail.com','Pwd@308','03030000008'),
('Srinivas','Rao','1995-09-07','srinivas.rao@gmail.com','Pwd@309','03030000009'),
('Nagaraj','Shetty','1996-10-11','nagaraj.shetty@gmail.com','Pwd@310','03030000010'),
('Raghavendra','Bhat','1994-11-15','raghavendra.bhat@gmail.com','Pwd@311','03030000011'),
('Shankar','Gowda','1993-12-19','shankar.gowda@gmail.com','Pwd@312','03030000012'),
('Vijay','Hegde','1992-01-23','vijay.hegde@gmail.com','Pwd@313','03030000013'),
('Umesh','Kamat','1995-02-27','umesh.kamat@gmail.com','Pwd@314','03030000014'),
('Ganesh','Pai','1996-03-31','ganesh.pai@gmail.com','Pwd@315','03030000015'),
('Harish','Nayak','1994-04-04','harish.nayak@gmail.com','Pwd@316','03030000016'),
('Sandeep','Kulkarni','1993-05-09','sandeep.kulkarni@gmail.com','Pwd@317','03030000017'),
('Madhav','Joshi','1992-06-13','madhav.joshi@gmail.com','Pwd@318','03030000018'),
('Anand','Krishnan','1995-07-17','anand.krishnan@gmail.com','Pwd@319','03030000019'),
('Sathish','Kumar','1996-08-21','sathish.kumar@gmail.com','Pwd@320','03030000020'),
('Ravi','Varma','1994-09-25','ravi.varma@gmail.com','Pwd@321','03030000021'),
('Manoj','Nair','1993-10-29','manoj.nair@gmail.com','Pwd@322','03030000022'),
('Sanjay','Prasad','1992-11-02','sanjay.prasad@gmail.com','Pwd@323','03030000023'),
('Ashwin','Iyer','1995-12-06','ashwin.iyer@gmail.com','Pwd@324','03030000024'),
('Kiran','Reddy','1996-01-10','kiran.reddy@gmail.com','Pwd@325','03030000025'),
('Vishnu','Menon','1994-02-14','vishnu.menon@gmail.com','Pwd@326','03030000026'),
('Nithin','Shekar','1993-03-18','nithin.shekar@gmail.com','Pwd@327','03030000027'),
('Rajesh','Hebbar','1992-04-22','rajesh.hebbar@gmail.com','Pwd@328','03030000028'),
('Suresh','Babu','1995-05-26','suresh.babu@gmail.com','Pwd@329','03030000029'),
('Chandru','Swamy','1996-06-30','chandru.swamy@gmail.com','Pwd@330','03030000030'),
('Vignesh','Murthy','1994-07-04','vignesh.murthy@gmail.com','Pwd@331','03030000031'),
('Pradeep','Rajan','1993-08-08','pradeep.rajan@gmail.com','Pwd@332','03030000032'),
('Koushik','Das','1992-09-12','koushik.das@gmail.com','Pwd@333','03030000033'),
('Ajay','Chandra','1995-10-16','ajay.chandra@gmail.com','Pwd@334','03030000034'),
('Mohan','Ramakrishnan','1996-11-20','mohan.ramakrishnan@gmail.com','Pwd@335','03030000035'),
('Srikanth','Kolla','1994-12-24','srikanth.kolla@gmail.com','Pwd@336','03030000036'),
('Ravikiran','Deshpande','1993-01-28','ravikiran.deshpande@gmail.com','Pwd@337','03030000037'),
('Naveen','Madhavan','1992-02-01','naveen.madhavan@gmail.com','Pwd@338','03030000038'),
('Sathya','Narayanan','1995-03-06','sathya.narayanan@gmail.com','Pwd@339','03030000039'),
('Keshav','Iyengar','1996-04-10','keshav.iyengar@gmail.com','Pwd@340','03030000040'),
('Bharath','Raghavan','1994-05-14','bharath.raghavan@gmail.com','Pwd@341','03030000041'),
('Vasanth','Kumar','1993-06-18','vasanth.kumar@gmail.com','Pwd@342','03030000042'),
('Aravind','Sundaram','1992-07-22','aravind.sundaram@gmail.com','Pwd@343','03030000043'),
('Girish','Holla','1995-08-26','girish.holla@gmail.com','Pwd@344','03030000044'),
('Praveen','Acharya','1996-09-30','praveen.acharya@gmail.com','Pwd@345','03030000045'),
('Nandakumar','Menon','1994-10-04','nandakumar.menon@gmail.com','Pwd@346','03030000046'),
('Sanjith','Shenoy','1993-11-08','sanjith.shenoy@gmail.com','Pwd@347','03030000047'),
('Rohith','Bharadwaj','1992-12-12','rohith.bharadwaj@gmail.com','Pwd@348','03030000048'),
('Mahadev','Patil','1995-01-16','mahadev.patil@gmail.com','Pwd@349','03030000049'),
('Sudarshan','Hegde','1996-02-20','sudarshan.hegde@gmail.com','Pwd@350','03030000050'),
('Lakshman','Rao','1994-03-26','lakshman.rao@gmail.com','Pwd@351','03030000051'),
('Venkat','Subbaiah','1993-04-30','venkat.subbaiah@gmail.com','Pwd@352','03030000052'),
('Jagadeesh','Naik','1992-05-04','jagadeesh.naik@gmail.com','Pwd@353','03030000053'),
('Sathyan','Pillai','1995-06-08','sathyan.pillai@gmail.com','Pwd@354','03030000054'),
('Anil','Gopal','1996-07-12','anil.gopal@gmail.com','Pwd@355','03030000055'),
('Dilip','Mohan','1994-08-16','dilip.mohan@gmail.com','Pwd@356','03030000056'),
('Ranjith','Kannan','1993-09-20','ranjith.kannan@gmail.com','Pwd@357','03030000057'),
('Sivakumar','Perumal','1992-10-24','sivakumar.perumal@gmail.com','Pwd@358','03030000058'),
('Senthil','Velan','1995-11-28','senthil.velan@gmail.com','Pwd@359','03030000059'),
('Arunkumar','Selvam','1996-12-31','arunkumar.selvam@gmail.com','Pwd@360','03030000060'),
('Thirumal','Rajendran','1994-01-15','thirumal.rajendran@gmail.com','Pwd@361','03030000061'),
('Sureshan','Namboodiri','1993-02-19','sureshan.namboodiri@gmail.com','Pwd@362','03030000062'),
('Jayakumar','Karthikeyan','1992-03-23','jayakumar.karthikeyan@gmail.com','Pwd@363','03030000063'),
('Muthukumar','Sivagnanam','1995-04-27','muthukumar.sivagnanam@gmail.com','Pwd@364','03030000064'),
('Balakrishnan','Nair','1996-05-31','balakrishnan.nair@gmail.com','Pwd@365','03030000065'),
('Ramakrishna','Murthy','1994-06-04','ramakrishna.murthy@gmail.com','Pwd@366','03030000066'),
('Somashekar','Raju','1993-07-08','somashekar.raju@gmail.com','Pwd@367','03030000067'),
('Vijayan','P','1992-08-12','vijayan.p@gmail.com','Pwd@368','03030000068'),
('Kuppusamy','Govindan','1995-09-16','kuppusamy.govindan@gmail.com','Pwd@369','03030000069'),
('Radhakrishnan','Menon','1996-10-20','radhakrishnan.menon@gmail.com','Pwd@370','03030000070'),
('Aarush','Bhargava','1994-01-07','aarush.bhargava@gmail.com','Pwd@401','03040000001'),
('Vivaan','Mahajan','1995-02-11','vivaan.mahajan@gmail.com','Pwd@402','03040000002'),
('Reyansh','Talwar','1996-03-15','reyansh.talwar@gmail.com','Pwd@403','03040000003'),
('Kabir','Chatterjee','1993-04-19','kabir.chatterjee@gmail.com','Pwd@404','03040000004'),
('Atharv','Kulshreshtha','1992-05-23','atharv.kulshreshtha@gmail.com','Pwd@405','03040000005'),
('Shaunak','Bhattacharya','1994-06-27','shaunak.bhattacharya@gmail.com','Pwd@406','03040000006'),
('Ira','Mukherjee','1995-07-31','ira.mukherjee@gmail.com','Pwd@407','03040000007'),
('Ritisha','Banerjee','1996-08-04','ritisha.banerjee@gmail.com','Pwd@408','03040000008'),
('Ananya','Chakraborty','1993-09-08','ananya.chakraborty@gmail.com','Pwd@409','03040000009'),
('Soham','Ganguly','1992-10-12','soham.ganguly@gmail.com','Pwd@410','03040000010'),
('Dev','Lahiri','1994-11-16','dev.lahiri@gmail.com','Pwd@411','03040000011'),
('Arpit','Dixit','1995-12-20','arpit.dixit@gmail.com','Pwd@412','03040000012'),
('Nishant','Ojha','1996-01-24','nishant.ojha@gmail.com','Pwd@413','03040000013'),
('Shivendra','Pandit','1993-02-28','shivendra.pandit@gmail.com','Pwd@414','03040000014'),
('Mayuresh','Phadke','1992-03-04','mayuresh.phadke@gmail.com','Pwd@415','03040000015'),
('Tanmay','Gadgil','1994-04-08','tanmay.gadgil@gmail.com','Pwd@416','03040000016'),
('Swaraj','Deshpanday','1995-05-12','swaraj.deshpanday@gmail.com','Pwd@417','03040000017'),
('Rohini','Kulkarni','1996-06-16','rohini.kulkarni@gmail.com','Pwd@418','03040000018'),
('Pallavi','Bhave','1993-07-20','pallavi.bhave@gmail.com','Pwd@419','03040000019'),
('Ameya','Kelkar','1992-08-24','ameya.kelkar@gmail.com','Pwd@420','03040000020'),
('Hrithik','Sodhi','1994-09-28','hrithik.sodhi@gmail.com','Pwd@421','03040000021'),
('Yuvraj','Sandhu','1995-10-02','yuvraj.sandhu@gmail.com','Pwd@422','03040000022'),
('Simran','Aulakh','1996-11-06','simran.aulakh@gmail.com','Pwd@423','03040000023'),
('Navdeep','Brar','1993-12-10','navdeep.brar@gmail.com','Pwd@424','03040000024'),
('Gurpreet','Chahal','1992-01-14','gurpreet.chahal@gmail.com','Pwd@425','03040000025'),
('Harleen','Sahni','1994-02-18','harleen.sahni@gmail.com','Pwd@426','03040000026'),
('Keshav','Taneja','1995-03-22','keshav.taneja@gmail.com','Pwd@427','03040000027'),
('Ishita','Marwah','1996-04-26','ishita.marwah@gmail.com','Pwd@428','03040000028'),
('Raghav','Saluja','1993-05-30','raghav.saluja@gmail.com','Pwd@429','03040000029'),
('Naina','Chhabra','1992-06-03','naina.chhabra@gmail.com','Pwd@430','03040000030'),
('Ayaan','Qureshi','1994-07-07','ayaan.qureshi@gmail.com','Pwd@431','03040000031'),
('Zain','Farooqui','1995-08-11','zain.farooqui@gmail.com','Pwd@432','03040000032'),
('Samar','Hashmi','1996-09-15','samar.hashmi@gmail.com','Pwd@433','03040000033'),
('Faizan','Nizami','1993-10-19','faizan.nizami@gmail.com','Pwd@434','03040000034'),
('Irfan','Siddiqui','1992-11-23','irfan.siddiqui@gmail.com','Pwd@435','03040000035'),
('Nazneen','Rizvi','1994-12-27','nazneen.rizvi@gmail.com','Pwd@436','03040000036'),
('Khalid','Usmani','1995-01-31','khalid.usmani@gmail.com','Pwd@437','03040000037'),
('Sameera','Naqvi','1996-02-04','sameera.naqvi@gmail.com','Pwd@438','03040000038'),
('Aftab','Ansari','1993-03-08','aftab.ansari@gmail.com','Pwd@439','03040000039'),
('Shazia','Kazmi','1992-04-12','shazia.kazmi@gmail.com','Pwd@440','03040000040'),
('Tejasvi','Kamble','1994-05-16','tejasvi.kamble@gmail.com','Pwd@441','03040000041'),
('Pranjal','Bokade','1995-06-20','pranjal.bokade@gmail.com','Pwd@442','03040000042'),
('Sanket','Waghmare','1996-07-24','sanket.waghmare@gmail.com','Pwd@443','03040000043'),
('Rutuja','Dhamale','1993-08-28','rutuja.dhamale@gmail.com','Pwd@444','03040000044'),
('Onkar','Shirke','1992-09-01','onkar.shirke@gmail.com','Pwd@445','03040000045'),
('Aishwarya','Kale','1994-10-05','aishwarya.kale@gmail.com','Pwd@446','03040000046'),
('Vaibhav','Bendale','1995-11-09','vaibhav.bendale@gmail.com','Pwd@447','03040000047'),
('Snehal','Choudhari','1996-12-13','snehal.choudhari@gmail.com','Pwd@448','03040000048'),
('Rohit','Gawande','1993-01-17','rohit.gawande@gmail.com','Pwd@449','03040000049'),
('Neeraj','Dhoble','1992-02-21','neeraj.dhoble@gmail.com','Pwd@450','03040000050'),
('Kavin','Arumugam','1994-03-27','kavin.arumugam@gmail.com','Pwd@451','03040000051'),
('Lokesh','Senthil','1995-04-30','lokesh.senthil@gmail.com','Pwd@452','03040000052'),
('Prithvi','Elangovan','1996-06-03','prithvi.elangovan@gmail.com','Pwd@453','03040000053'),
('Sanjana','Muthukrishnan','1993-07-07','sanjana.muthukrishnan@gmail.com','Pwd@454','03040000054'),
('Hari','Balasubramaniam','1992-08-11','hari.balasubramaniam@gmail.com','Pwd@455','03040000055'),
('Kishore','Thangavel','1994-09-15','kishore.thangavel@gmail.com','Pwd@456','03040000056'),
('Nivetha','Ravichandran','1995-10-19','nivetha.ravichandran@gmail.com','Pwd@457','03040000057'),
('Surya','Manikandan','1996-11-23','surya.manikandan@gmail.com','Pwd@458','03040000058'),
('Deepan','Arunachalam','1993-12-27','deepan.arunachalam@gmail.com','Pwd@459','03040000059'),
('Meenakshi','Kandasamy','1992-01-31','meenakshi.kandasamy@gmail.com','Pwd@460','03040000060'),
('Amitesh','Saxena','1994-01-03','amitesh.saxena@gmail.com','Pwd@501','03050000001'),
('Rishabh','Srivalli','1995-02-07','rishabh.srivalli@gmail.com','Pwd@502','03050000002'),
('Aniket','Karmarkar','1996-03-11','aniket.karmarkar@gmail.com','Pwd@503','03050000003'),
('Suyash','Bhonsle','1993-04-15','suyash.bhonsle@gmail.com','Pwd@504','03050000004'),
('Chinmay','Paranjape','1992-05-19','chinmay.paranjape@gmail.com','Pwd@505','03050000005'),
('Shantanu','Tilak','1994-06-23','shantanu.tilak@gmail.com','Pwd@506','03050000006'),
('Ritesh','Mahure','1995-07-27','ritesh.mahure@gmail.com','Pwd@507','03050000007'),
('Kunal','Bopardikar','1996-08-31','kunal.bopardikar@gmail.com','Pwd@508','03050000008'),
('Adwait','Gharat','1993-09-04','adwait.gharat@gmail.com','Pwd@509','03050000009'),
('Sankalp','Kulye','1992-10-08','sankalp.kulye@gmail.com','Pwd@510','03050000010'),
('Vedant','Josan','1994-11-12','vedant.josan@gmail.com','Pwd@511','03050000011'),
('Pranav','Deshpande','1995-12-16','pranav.deshpande@gmail.com','Pwd@512','03050000012'),
('Yogesh','Malusare','1996-01-20','yogesh.malusare@gmail.com','Pwd@513','03050000013'),
('Abhijit','Koli','1993-02-24','abhijit.koli@gmail.com','Pwd@514','03050000014'),
('Saurabh','Dabholkar','1992-03-28','saurabh.dabholkar@gmail.com','Pwd@515','03050000015'),
('Nikhil','Kirtane','1994-04-01','nikhil.kirtane@gmail.com','Pwd@516','03050000016'),
('Tejas','Modak','1995-05-05','tejas.modak@gmail.com','Pwd@517','03050000017'),
('Rupesh','Ghatge','1996-06-09','rupesh.ghatge@gmail.com','Pwd@518','03050000018'),
('Akash','Sarode','1993-07-13','akash.sarode@gmail.com','Pwd@519','03050000019'),
('Manoj','Velhal','1992-08-17','manoj.velhal@gmail.com','Pwd@520','03050000020'),
('Hriday','Bansode','1994-09-21','hriday.bansode@gmail.com','Pwd@521','03050000021'),
('Mayur','Pawar','1995-10-25','mayur.pawar@gmail.com','Pwd@522','03050000022'),
('Siddhesh','Mhatre','1996-11-29','siddhesh.mhatre@gmail.com','Pwd@523','03050000023'),
('Rohan','Vichare','1993-12-03','rohan.vichare@gmail.com','Pwd@524','03050000024'),
('Ameya','Wankhede','1992-01-07','ameya.wankhede@gmail.com','Pwd@525','03050000025'),
('Pratik','Ghadge','1994-02-11','pratik.ghadge@gmail.com','Pwd@526','03050000026'),
('Vaibhav','Sonawane','1995-03-15','vaibhav.sonawane@gmail.com','Pwd@527','03050000027'),
('Onkar','Bhadane','1996-04-19','onkar.bhadane@gmail.com','Pwd@528','03050000028'),
('Niranjan','Patange','1993-05-23','niranjan.patange@gmail.com','Pwd@529','03050000029'),
('Ravindra','Kale','1992-06-27','ravindra.kale@gmail.com','Pwd@530','03050000030'),
('Bhushan','Gaware','1994-07-01','bhushan.gaware@gmail.com','Pwd@531','03050000031'),
('Sachin','Takalkar','1995-08-05','sachin.takalkar@gmail.com','Pwd@532','03050000032'),
('Dhananjay','Bhujbal','1996-09-09','dhananjay.bhujbal@gmail.com','Pwd@533','03050000033'),
('Shailesh','Kumbhar','1993-10-13','shailesh.kumbhar@gmail.com','Pwd@534','03050000034'),
('Sandeep','Kedari','1992-11-17','sandeep.kedari@gmail.com','Pwd@535','03050000035'),
('Rajendra','Shirke','1994-12-21','rajendra.shirke@gmail.com','Pwd@536','03050000036'),
('Kailas','Chavan','1995-01-25','kailas.chavan@gmail.com','Pwd@537','03050000037'),
('Milind','Raut','1996-02-28','milind.raut@gmail.com','Pwd@538','03050000038'),
('Subodh','Narkhede','1993-03-04','subodh.narkhede@gmail.com','Pwd@539','03050000039'),
('Uday','Shinde','1992-04-08','uday.shinde@gmail.com','Pwd@540','03050000040'),
('Prashant','Ghorpade','1994-05-12','prashant.ghorpade@gmail.com','Pwd@541','03050000041'),
('Ramesh','Gholap','1995-06-16','ramesh.gholap@gmail.com','Pwd@542','03050000042'),
('Anup','Kharat','1996-07-20','anup.kharat@gmail.com','Pwd@543','03050000043'),
('Mahesh','Phule','1993-08-24','mahesh.phule@gmail.com','Pwd@544','03050000044'),
('Santosh','Borade','1992-09-28','santosh.borade@gmail.com','Pwd@545','03050000045'),
('Narayan','Pansare','1994-10-02','narayan.pansare@gmail.com','Pwd@546','03050000046'),
('Datta','Babar','1995-11-06','datta.babar@gmail.com','Pwd@547','03050000047'),
('Rohidas','Choudhari','1996-12-10','rohidas.choudhari@gmail.com','Pwd@548','03050000048'),
('Balaji','Kumbhakarna','1993-01-14','balaji.kumbhakarna@gmail.com','Pwd@549','03050000049'),
('Vishwanath','Salunkhe','1992-02-18','vishwanath.salunkhe@gmail.com','Pwd@550','03050000050'),
('Nandkishor','Gaikwad','1994-03-22','nandkishor.gaikwad@gmail.com','Pwd@551','03050000051'),
('Shrikant','Dhok','1995-04-26','shrikant.dhok@gmail.com','Pwd@552','03050000052'),
('Sunil','Ransing','1996-05-30','sunil.ransing@gmail.com','Pwd@553','03050000053'),
('Keshav','Bhole','1993-06-03','keshav.bhole@gmail.com','Pwd@554','03050000054'),
('Vilas','Sutar','1992-07-07','vilas.sutar@gmail.com','Pwd@555','03050000055'),
('Ashok','Lokhande','1994-08-11','ashok.lokhande@gmail.com','Pwd@556','03050000056'),
('Pravin','Nalawade','1995-09-15','pravin.nalawade@gmail.com','Pwd@557','03050000057'),
('Hemant','Mandlik','1996-10-19','hemant.mandlik@gmail.com','Pwd@558','03050000058'),
('Gajanan','Borkar','1993-11-23','gajanan.borkar@gmail.com','Pwd@559','03050000059'),
('Sudhir','Ingle','1992-12-27','sudhir.ingle@gmail.com','Pwd@560','03050000060'),
('Vijayendra','More','1994-01-31','vijayendra.more@gmail.com','Pwd@561','03050000061'),
('Amar','Kamble','1995-02-04','amar.kamble@gmail.com','Pwd@562','03050000062'),
('Sharad','Lonkar','1996-03-08','sharad.lonkar@gmail.com','Pwd@563','03050000063'),
('Ravikant','Sawale','1993-04-12','ravikant.sawale@gmail.com','Pwd@564','03050000064'),
('Sanjiv','Gurav','1992-05-16','sanjiv.gurav@gmail.com','Pwd@565','03050000065'),
('Dattatray','Pacharne','1994-06-20','dattatray.pacharne@gmail.com','Pwd@566','03050000066'),
('Rohitash','Jagtap','1995-07-24','rohitash.jagtap@gmail.com','Pwd@567','03050000067'),
('Yashwant','Khandekar','1996-08-28','yashwant.khandekar@gmail.com','Pwd@568','03050000068'),
('Kedar','Bhosale','1993-09-01','kedar.bhosale@gmail.com','Pwd@569','03050000069'),
('Pandurang','Chougule','1992-10-05','pandurang.chougule@gmail.com','Pwd@570','03050000070'),
('Aditya','Rajvanshi','1994-01-06','aditya.rajvanshi@gmail.com','Pwd@601','03060000001'),
('Samar','Bhardwaj','1995-02-10','samar.bhardwaj@gmail.com','Pwd@602','03060000002'),
('Ishaan','Upadhyay','1996-03-14','ishaan.upadhyay@gmail.com','Pwd@603','03060000003'),
('Kritesh','Mishrikotkar','1993-04-18','kritesh.mishrikotkar@gmail.com','Pwd@604','03060000004'),
('Aviral','Nigam','1992-05-22','aviral.nigam@gmail.com','Pwd@605','03060000005'),
('Shreyas','Kudalkar','1994-06-26','shreyas.kudalkar@gmail.com','Pwd@606','03060000006'),
('Ritvik','Chaturvedi','1995-07-30','ritvik.chaturvedi@gmail.com','Pwd@607','03060000007'),
('Parth','Somvanshi','1996-08-03','parth.somvanshi@gmail.com','Pwd@608','03060000008'),
('Yash','Lohar','1993-09-07','yash.lohar@gmail.com','Pwd@609','03060000009'),
('Kunal','Kapse','1992-10-11','kunal.kapse@gmail.com','Pwd@610','03060000010'),
('Rajat','Sontakke','1994-11-15','rajat.sontakke@gmail.com','Pwd@611','03060000011'),
('Siddhant','Rokade','1995-12-19','siddhant.rokade@gmail.com','Pwd@612','03060000012'),
('Nirav','Shah','1996-01-23','nirav.shah@gmail.com','Pwd@613','03060000013'),
('Aayush','Jariwala','1993-02-27','aayush.jariwala@gmail.com','Pwd@614','03060000014'),
('Harit','Doshi','1992-03-03','harit.doshi@gmail.com','Pwd@615','03060000015'),
('Rakesh','Motwani','1994-04-07','rakesh.motwani@gmail.com','Pwd@616','03060000016'),
('Keshav','Nagpal','1995-05-11','keshav.nagpal@gmail.com','Pwd@617','03060000017'),
('Tushar','Sabal','1996-06-15','tushar.sabal@gmail.com','Pwd@618','03060000018'),
('Manan','Kataria','1993-07-19','manan.kataria@gmail.com','Pwd@619','03060000019'),
('Lakshay','Batra','1992-08-23','lakshay.batra@gmail.com','Pwd@620','03060000020'),
('Naman','Singhal','1994-09-27','naman.singhal@gmail.com','Pwd@621','03060000021'),
('Rohail','Qadri','1995-10-01','rohail.qadri@gmail.com','Pwd@622','03060000022'),
('Zeeshan','Khalique','1996-11-05','zeeshan.khalique@gmail.com','Pwd@623','03060000023'),
('Arman','Ismaili','1993-12-09','arman.ismaili@gmail.com','Pwd@624','03060000024'),
('Faiyaz','Latif','1992-01-13','faiyaz.latif@gmail.com','Pwd@625','03060000025'),
('Huma','Parveen','1994-02-17','huma.parveen@gmail.com','Pwd@626','03060000026'),
('Saniya','Azmat','1995-03-21','saniya.azmat@gmail.com','Pwd@627','03060000027'),
('Kainat','Rashid','1996-04-25','kainat.rashid@gmail.com','Pwd@628','03060000028'),
('Faheem','Reza','1993-05-29','faheem.reza@gmail.com','Pwd@629','03060000029'),
('Imad','Faridi','1992-06-02','imad.faridi@gmail.com','Pwd@630','03060000030'),
('Harsha','Vardhan','1994-07-06','harsha.vardhan@gmail.com','Pwd@631','03060000031'),
('Rohini','Desai','1995-08-10','rohini.desai@gmail.com','Pwd@632','03060000032'),
('Nilesh','Thakur','1996-09-14','nilesh.thakur@gmail.com','Pwd@633','03060000033'),
('Anuja','Gokhale','1993-10-18','anuja.gokhale@gmail.com','Pwd@634','03060000034'),
('Swapnil','Petkar','1992-11-22','swapnil.petkar@gmail.com','Pwd@635','03060000035'),
('Sameer','Harnal','1994-12-26','sameer.harnal@gmail.com','Pwd@636','03060000036'),
('Tanvi','Puranik','1995-01-30','tanvi.puranik@gmail.com','Pwd@637','03060000037'),
('Rupali','Mane','1996-03-05','rupali.mane@gmail.com','Pwd@638','03060000038'),
('Kshitij','Kumbhojkar','1993-04-09','kshitij.kumbhojkar@gmail.com','Pwd@639','03060000039'),
('Mangesh','Sontakke','1992-05-13','mangesh.sontakke@gmail.com','Pwd@640','03060000040'),
('Sathvik','Chintala','1994-06-17','sathvik.chintala@gmail.com','Pwd@641','03060000041'),
('Tejashree','Katre','1995-07-21','tejashree.katre@gmail.com','Pwd@642','03060000042'),
('Kalyan','Maddula','1996-08-25','kalyan.maddula@gmail.com','Pwd@643','03060000043'),
('Srujan','Kalvakunta','1993-09-29','srujan.kalvakunta@gmail.com','Pwd@644','03060000044'),
('Bhavya','Nalam','1992-10-03','bhavya.nalam@gmail.com','Pwd@645','03060000045'),
('Harini','Kothapalli','1994-11-07','harini.kothapalli@gmail.com','Pwd@646','03060000046'),
('Naveed','Shaik','1995-12-11','naveed.shaik@gmail.com','Pwd@647','03060000047'),
('Afsar','Pasha','1996-01-15','afsar.pasha@gmail.com','Pwd@648','03060000048'),
('Sameena','Fatima','1993-02-19','sameena.fatima@gmail.com','Pwd@649','03060000049'),
('Arif','Basheer','1992-03-23','arif.basheer@gmail.com','Pwd@650','03060000050'),
('Ranjan','Pradhan','1994-04-27','ranjan.pradhan@gmail.com','Pwd@651','03060000051'),
('Debashis','Mishra','1995-05-31','debashis.mishra@gmail.com','Pwd@652','03060000052'),
('Satyajit','Pattnaik','1996-07-04','satyajit.pattnaik@gmail.com','Pwd@653','03060000053'),
('Ankita','Behera','1993-08-08','ankita.behera@gmail.com','Pwd@654','03060000054'),
('Subrat','Nayak','1992-09-12','subrat.nayak@gmail.com','Pwd@655','03060000055'),
('Bikash','Samal','1994-10-16','bikash.samal@gmail.com','Pwd@656','03060000056'),
('Lipun','Sahoo','1995-11-20','lipun.sahoo@gmail.com','Pwd@657','03060000057'),
('Pritam','Mallick','1996-12-24','pritam.mallick@gmail.com','Pwd@658','03060000058'),
('Sohini','Ghoshal','1993-01-28','sohini.ghoshal@gmail.com','Pwd@659','03060000059'),
('Anirban','Majumdar','1992-02-01','anirban.majumdar@gmail.com','Pwd@660','03060000060'),
('Akhil','Raghuwanshi','1994-01-02','akhil.raghuwanshi@gmail.com','Pwd@701','03070000001'),
('Ravish','Tripuraneni','1995-02-06','ravish.tripuraneni@gmail.com','Pwd@702','03070000002'),
('Ishan','Bendre','1996-03-10','ishan.bendre@gmail.com','Pwd@703','03070000003'),
('Suyog','Kulshrestha','1993-04-14','suyog.kulshrestha@gmail.com','Pwd@704','03070000004'),
('Nakul','Parikh','1992-05-18','nakul.parikh@gmail.com','Pwd@705','03070000005'),
('Yatin','Vora','1994-06-22','yatin.vora@gmail.com','Pwd@706','03070000006'),
('Krunal','Raval','1995-07-26','krunal.raval@gmail.com','Pwd@707','03070000007'),
('Devansh','Gandhi','1996-08-30','devansh.gandhi@gmail.com','Pwd@708','03070000008'),
('Aarav','Doshi','1993-09-03','aarav.doshi@gmail.com','Pwd@709','03070000009'),
('Mihir','Bhansali','1992-10-07','mihir.bhansali@gmail.com','Pwd@710','03070000010'),
('Rupal','Shroff','1994-11-11','rupal.shroff@gmail.com','Pwd@711','03070000011'),
('Jinal','Mehta','1995-12-15','jinal.mehta@gmail.com','Pwd@712','03070000012'),
('Hetal','Kapadia','1996-01-19','hetal.kapadia@gmail.com','Pwd@713','03070000013'),
('Niraj','Vaghasiya','1993-02-23','niraj.vaghasiya@gmail.com','Pwd@714','03070000014'),
('Sonal','Kothari','1992-03-27','sonal.kothari@gmail.com','Pwd@715','03070000015'),
('Darshan','Chaudhari','1994-04-01','darshan.chaudhari@gmail.com','Pwd@716','03070000016'),
('Jay','Thakkar','1995-05-05','jay.thakkar@gmail.com','Pwd@717','03070000017'),
('Ritesh','Solanki','1996-06-09','ritesh.solanki@gmail.com','Pwd@718','03070000018'),
('Pooja','Vyas','1993-07-13','pooja.vyas@gmail.com','Pwd@719','03070000019'),
('Harshad','Patel','1992-08-17','harshad.patel@gmail.com','Pwd@720','03070000020'),
('Shivam','Kachroo','1994-09-21','shivam.kachroo@gmail.com','Pwd@721','03070000021'),
('Kartikeya','Pant','1995-10-25','kartikeya.pant@gmail.com','Pwd@722','03070000022'),
('Naveen','Bisht','1996-11-29','naveen.bisht@gmail.com','Pwd@723','03070000023'),
('Deepika','Rawat','1993-12-03','deepika.rawat@gmail.com','Pwd@724','03070000024'),
('Alok','Gusain','1992-01-07','alok.gusain@gmail.com','Pwd@725','03070000025'),
('Rohit','Dobhal','1994-02-11','rohit.dobhal@gmail.com','Pwd@726','03070000026'),
('Anjali','Semwal','1995-03-15','anjali.semwal@gmail.com','Pwd@727','03070000027'),
('Prashant','Kandpal','1996-04-19','prashant.kandpal@gmail.com','Pwd@728','03070000028'),
('Saurav','Nautiyal','1993-05-23','saurav.nautiyal@gmail.com','Pwd@729','03070000029'),
('Gaurav','Bhandari','1992-06-27','gaurav.bhandari@gmail.com','Pwd@730','03070000030'),
('Arpit','Sisodia','1994-07-01','arpit.sisodia@gmail.com','Pwd@731','03070000031'),
('Yash','Tomar','1995-08-05','yash.tomar@gmail.com','Pwd@732','03070000032'),
('Anmol','Rana','1996-09-09','anmol.rana@gmail.com','Pwd@733','03070000033'),
('Mehul','Chandel','1993-10-13','mehul.chandel@gmail.com','Pwd@734','03070000034'),
('Himanshu','Solan','1992-11-17','himanshu.solan@gmail.com','Pwd@735','03070000035'),
('Ritika','Bisht','1994-12-21','ritika.bisht@gmail.com','Pwd@736','03070000036'),
('Manav','Sood','1995-01-25','manav.sood@gmail.com','Pwd@737','03070000037'),
('Aditi','Kashyap','1996-02-28','aditi.kashyap@gmail.com','Pwd@738','03070000038'),
('Puneet','Minhas','1993-03-04','puneet.minhas@gmail.com','Pwd@739','03070000039'),
('Nikhil','Jarial','1992-04-08','nikhil.jarial@gmail.com','Pwd@740','03070000040'),
('Rohini','Pathania','1994-05-12','rohini.pathania@gmail.com','Pwd@741','03070000041'),
('Vikas','Thakur','1995-06-16','vikas.thakur@gmail.com','Pwd@742','03070000042'),
('Kunal','Chauhan','1996-07-20','kunal.chauhan@gmail.com','Pwd@743','03070000043'),
('Simran','Dogra','1993-08-24','simran.dogra@gmail.com','Pwd@744','03070000044'),
('Aman','Panwar','1992-09-28','aman.panwar@gmail.com','Pwd@745','03070000045'),
('Shreya','Negi','1994-10-02','shreya.negi@gmail.com','Pwd@746','03070000046'),
('Mohit','Bisht','1995-11-06','mohit.bisht@gmail.com','Pwd@747','03070000047'),
('Kavita','Rautela','1996-12-10','kavita.rautela@gmail.com','Pwd@748','03070000048'),
('Abhishek','Juyal','1993-01-14','abhishek.juyal@gmail.com','Pwd@749','03070000049'),
('Lokesh','Karki','1992-02-18','lokesh.karki@gmail.com','Pwd@750','03070000050'),
('Siddharth','Mandal','1994-03-22','siddharth.mandal@gmail.com','Pwd@751','03070000051'),
('Animesh','Halder','1995-04-26','animesh.halder@gmail.com','Pwd@752','03070000052'),
('Debjit','Roychowdhury','1996-05-30','debjit.roychowdhury@gmail.com','Pwd@753','03070000053'),
('Tanushree','Bose','1993-06-03','tanushree.bose@gmail.com','Pwd@754','03070000054'),
('Soumya','Banerji','1992-07-07','soumya.banerji@gmail.com','Pwd@755','03070000055'),
('Koyel','Mukhopadhyay','1994-08-11','koyel.mukhopadhyay@gmail.com','Pwd@756','03070000056'),
('Arnab','Sanyal','1995-09-15','arnab.sanyal@gmail.com','Pwd@757','03070000057'),
('Indranil','Ghosh','1996-10-19','indranil.ghosh@gmail.com','Pwd@758','03070000058'),
('Ritika','Chatterji','1993-11-23','ritika.chatterji@gmail.com','Pwd@759','03070000059'),
('Sayan','Bhattacharjee','1992-12-27','sayan.bhattacharjee@gmail.com','Pwd@760','03070000060');

--Zipcode

INSERT INTO ZipCode (CityID, ProvinceID, CountryID)
VALUES
('1','1','1'),
('3','2','1'),
('4','2','1'),
('5','2','1'),
('6','3','1'),
('7','2','1'),
('8','1','1'),
('9','4','1'),
('10','5','1'),
('11','2','1'),
('12','2','1'),
('13','2','1'),
('14','1','1'),
('15','2','1'),
('16','1','1'),
('17','2','1'),
('18','2','1'),
('19','2','1'),
('20','2','1'),
('21','2','1'),
('22','3','1'),
('23','2','1'),
('24','2','1'),
('25','2','1'),
('26','3','1'),
('27','1','1'),
('28','2','1'),
('29','1','1'),
('30','2','1'),
('31','2','1'),
('32','2','1'),
('33','2','1'),
('34','2','1'),
('35','2','1'),
('36','3','1'),
('37','1','1'),
('38','1','1'),
('39','2','1'),
('40','2','1'),
('41','2','1'),
('42','2','1'),
('43','3','1'),
('44','2','1'),
('45','2','1'),
('46','5','1'),
('47','2','1'),
('48','2','1'),
('49','2','1'),
('50','2','1'),
('51','2','1'),
('52','2','1'),
('53','2','1'),
('54','1','1'),
('55','1','1'),
('56','3','1'),
('57','2','1'),
('58','3','1'),
('59','1','1'),
('60','2','1'),
('61','2','1'),
('62','3','1'),
('63','3','1'),
('64','2','1'),
('65','2','1'),
('66','1','1'),
('67','2','1'),
('68','5','1');


--Cart

INSERT INTO Cart (DateCreated, CustomerID)
VALUES
('2016-04-30',12),
('2015-05-30',245),
('2015-05-18',89),
('2015-12-17',320),
('2014-11-20',57),
('2012-11-22',411),
('2013-10-23',178),
('2015-01-28',502),
('2014-02-25',36),
('2015-02-08',290),
('2017-01-13',415),
('2012-07-22',64),
('2012-09-09',399),
('2013-07-07',221),
('2012-08-07',18),
('2012-06-25',347),
('2011-01-01',95),
('2016-09-07',504),
('2011-09-14',132),
('2017-04-11',468),
('2014-10-21',27),
('2011-09-06',310),
('2011-05-26',76),
('2016-04-03',520),
('2011-12-07',144),
('2010-11-22',289),
('2017-08-02',33),
('2012-10-30',451),
('2013-01-14',196),
('2017-03-18',508),
('2017-08-06',67),
('2017-11-12',412),
('2016-04-27',9),
('2012-06-20',365),
('2010-11-10',118),
('2014-09-29',487),
('2014-02-12',51),
('2015-06-14',260),
('2017-08-14',399),
('2011-01-11',14),
('2016-01-01',12),
('2016-01-02',45),
('2016-01-03',78),
('2016-01-04',134),
('2016-01-05',256),
('2016-01-06',389),
('2016-01-07',501),
('2016-01-08',98),
('2016-01-09',220),
('2016-01-10',417),
('2016-01-11',63),
('2016-01-12',149),
('2016-01-13',311),
('2016-01-14',520),
('2016-01-15',87),
('2016-01-16',199),
('2016-01-17',344),
('2016-01-18',471),
('2016-01-19',29),
('2016-01-20',258),
('2016-01-21',402),
('2016-01-22',117),
('2016-01-23',365),
('2016-01-24',501),
('2016-01-25',182),
('2016-01-26',94),
('2016-01-27',316),
('2016-01-28',448),
('2016-01-29',71),
('2016-01-30',239),
('2016-01-31',390),
('2016-02-01',128),
('2016-02-02',512),
('2016-02-03',56),
('2016-02-04',214),
('2016-02-05',352),
('2016-02-06',486),
('2016-02-07',7),
('2016-02-08',167),
('2016-02-09',301),
('2016-02-10',459),
('2016-02-11',92),
('2016-02-12',248),
('2016-02-13',381),
('2016-02-14',519),
('2016-02-15',134),
('2016-02-16',63),
('2016-02-17',207),
('2016-02-18',333),
('2016-02-19',472),
('2016-02-20',15),
('2016-02-21',190),
('2016-02-22',427),
('2016-02-23',99),
('2016-02-24',264),
('2016-02-25',399),
('2016-02-26',508),
('2016-02-27',41),
('2016-02-28',176),
('2016-02-29',312),
('2016-03-01',451),
('2016-03-02',88),
('2016-03-03',221),
('2016-03-04',367),
('2016-03-05',505),
('2016-03-06',129),
('2016-03-07',279),
('2016-03-08',402),
('2016-03-09',66),
('2016-03-10',231),
('2016-03-11',354),
('2016-03-12',489),
('2016-03-13',9),
('2016-03-14',162),
('2016-03-15',318),
('2016-03-16',470),
('2016-03-17',24),
('2016-03-18',201),
('2016-03-19',388),
('2016-03-20',520),
('2016-03-21',75),
('2016-03-22',144),
('2016-03-23',297),
('2016-03-24',419),
('2016-03-25',57),
('2016-03-26',233),
('2016-03-27',366),
('2016-03-28',502),
('2016-03-29',110),
('2016-03-30',289),
('2016-03-31',438),
('2016-04-01',82),
('2016-04-02',217),
('2016-04-03',351),
('2016-04-04',479),
('2016-04-05',34),
('2016-04-06',193),
('2016-04-07',322),
('2016-04-08',466),
('2016-04-09',101),
('2016-04-10',260),
('2016-04-11',397),
('2016-04-12',514),
('2016-04-13',68),
('2016-04-14',225),
('2016-04-15',362),
('2016-04-16',497),
('2016-04-17',12),
('2016-04-18',184),
('2016-04-19',340),
('2016-04-20',459),
('2016-04-21',97),
('2016-04-22',271),
('2016-04-23',401),
('2016-04-24',520),
('2016-04-25',51),
('2016-04-26',206),
('2016-04-27',332),
('2016-04-28',471),
('2016-04-29',19),
('2016-04-30',158),
('2016-05-01',299),
('2016-05-02',435),
('2016-05-03',73),
('2016-05-04',240),
('2016-05-05',379),
('2016-05-06',509),
('2016-05-07',88),
('2016-05-08',214),
('2016-05-09',361),
('2016-05-10',495),
('2016-05-11',6),
('2016-05-12',169),
('2016-05-13',328),
('2016-05-14',460),
('2016-05-15',114),
('2016-05-16',258),
('2016-05-17',399),
('2016-05-18',518),
('2016-05-19',44),
('2016-05-20',203),
('2016-05-21',347),
('2016-05-22',487),
('2016-05-23',92),
('2016-05-24',276),
('2016-05-25',413),
('2016-05-26',520),
('2016-05-27',59),
('2016-05-28',187),
('2016-05-29',325),
('2016-05-30',468),
('2016-05-31',121),
('2016-06-01',292),
('2016-06-02',437),
('2016-06-03',78),
('2016-06-04',241),
('2016-06-05',381),
('2016-06-06',507),
('2016-06-07',16),
('2016-06-08',194),
('2016-04-10',397),
('2016-04-11',514),
('2016-04-12',68),
('2016-04-13',225),
('2016-04-14',362),
('2016-04-15',497),
('2016-04-16',12),
('2016-04-17',184),
('2016-04-18',340),
('2016-04-19',459),
('2016-04-20',97),
('2016-04-21',271),
('2016-04-22',401),
('2016-04-23',206),
('2016-04-24',332),
('2016-04-25',471),
('2016-04-26',19),
('2016-04-27',158),
('2016-04-28',299),
('2016-04-29',435);

--Address

INSERT INTO Address
(HouseNo, Street, CustomerID, ZipCodeID, Area)
Values
('207','47','1','1','Andheri West'),
('30','11','2','1','Bandra East'),
('52','20','3','1','Bandra East'),
('143','32','4','1','Borivali West'),
('344','37','5','1','Borivali West'),
('272','58','6','1','Lower Parel'),
('109','20','7','1','Lower Parel'),
('86','58','8','1','Powai'),
('309','2','9','1','Ghatkopar East'),
('450','50','10','1','Dadar East'),
('389','26','11','1','Dadar East'),
('41','39','12','1','Colaba'),
('247','37','13','1','Colaba'),
('281','42','14','1','Kurla East'),
('124','54','15','1','Kurla East'),
('451','31','16','1','Chembur'),
('129','3','17','1','Chembur'),
('26','48','18','1','Sion'),
('11','3','19','1','Sion'),
('283','26','20','1','Byculla'),
('269','34','21','1','Byculla'),
('150','39','22','1','Vile Parle East'),
('455','6','23','1','Vile Parle East'),
('208','61','24','1','Mulund West'),
('136','41','25','1','Mulund West'),
('426','26','26','1','Malad West'),
('360','28','27','1','Malad West'),
('250','9','28','1','Jogeshwari East'),
('374','56','29','1','Jogeshwari East'),
('449','47','30','1','Fort'),
('2','55','31','1','Fort'),
('434','58','32','1','Santacruz East'),
('324','43','33','1','Santacruz East'),
('332','48','34','1','MIDC Andheri'),
('151','8','35','1','Mira Road'),
('234','57','36','2','Sector 15 Rohini'),
('112','46','37','2','Sector 16 Rohini'),
('7','26','38','2','Sector 18 Rohini'),
('186','56','39','2','Sector 22 Rohini'),
('197','50','40','2','Rajouri Garden'),
('454','39','41','2','Janakpuri West'),
('449','32','42','2','Janakpuri East'),
('271','41','43','2','Tilak Nagar'),
('95','16','44','2','Subhash Nagar'),
('63','38','45','2','Kirti Nagar'),
('8','45','46','2','Patel Nagar'),
('191','3','47','2','Karol Bagh'),
('320','53','48','2','Old Rajinder Nagar'),
('323','37','49','2','Ashok Vihar'),
('437','32','50','2','Model Town'),
('442','38','51','2','Civil Lines'),
('208','13','52','2','Shakti Nagar'),
('310','24','53','2','Kamla Nagar'),
('443','52','54','2','Vijay Nagar'),
('98','49','55','2','Mukherjee Nagar'),
('168','31','56','2','GTB Nagar'),
('156','51','57','2','Hudson Lane'),
('433','36','58','2','North Campus'),
('433','32','59','2','University Enclave'),
('250','48','60','2','Green Park'),
('324','53','61','2','Hauz Khas'),
('340','56','62','2','Safdarjung Enclave'),
('295','50','63','2','Malviya Nagar'),
('330','43','64','2','Saket'),
('218','35','65','2','Mehrauli'),
('266','10','66','2','Chhatarpur'),
('50','28','67','2','Neb Sarai'),
('244','24','68','2','IGNOU Road'),
('297','45','69','2','Vasant Kunj'),
('184','55','70','2','Vasant Vihar'),
('202','27','71','2','Munirka'),
('306','8','72','2','RK Puram'),
('456','22','73','2','Shanti Niketan'),
('281','21','74','2','Chanakyapuri'),
('355','15','75','2','Gole Market'),
('211','62','76','2','Connaught Place'),
('68','7','77','2','Paharganj'),
('57','4','78','2','Chandni Chowk'),
('384','42','79','2','Daryaganj'),
('232','3','80','2','ITO'),
('253','48','81','2','Pragati Maidan'),
('273','49','82','2','Indraprastha'),
('30','36','83','2','Mayur Vihar Phase 1'),
('378','63','84','2','Mayur Vihar Phase 2'),
('2','53','85','2','Patparganj'),
('207','42','86','2','Preet Vihar'),
('298','43','87','2','Laxmi Nagar'),
('269','36','88','2','Shakarpur'),
('268','18','89','2','Kalyanpuri'),
('174','7','90','2','Trilokpuri'),
('76','17','91','2','Ashram'),
('101','36','92','2','Jangpura'),
('366','13','93','2','Lajpat Nagar'),
('445','37','94','2','Kalkaji'),
('183','8','95','2','Govindpuri'),
('375','44','96','2','Okhla Phase 1'),
('5','45','97','2','Okhla Phase 2'),
('135','51','98','2','Okhla Phase 3'),
('288','55','99','2','Jasola'),
('355','15','100','2','Sarita Vihar'),
('184','8','101','2','Badarpur'),
('206','43','102','2','Tughlakabad'),
('330','54','103','2','Khanpur'),
('383','12','104','2','Sangam Vihar'),
('52','20','105','2','Deoli'),
('97','38','106','2','Ambedkar Nagar'),
('171','11','107','2','Dakshinpuri'),
('436','51','108','2','Madangir'),
('436','39','109','2','Sheikh Sarai'),
('453','12','110','2','Panchsheel Park'),
('245','62','111','2','Greater Kailash'),
('149','54','112','2','Kailash Colony'),
('112','46','113','2','Nehru Place'),
('320','27','114','2','Kalkaji Extension'),
('89','3','115','2','CR Park'),
('133','57','116','4','Sector A Bahria Town'),
('107','16','117','4','Sector B Bahria Town'),
('253','57','118','4','Phase 1 DHA'),
('289','7','119','4','Phase 2 DHA'),
('145','22','120','4','Phase 3 DHA'),
('190','16','121','4','Phase 4 DHA'),
('151','58','122','4','Askari 10'),
('209','57','123','3','Civil Lines'),
('97','13','124','3','Gulberg'),
('346','8','125','3','Peoples Colony'),
('234','52','126','3','Millat Town'),
('412','44','127','3','Canal Road'),
('447','3','128','3','Samanabad'),
('120','19','129','3','D Ground'),
('260','25','130','3','Susan Road'),
('67','57','131','5','Model Town'),
('354','36','132','5','Satellite Town'),
('442','38','133','5','People Colony'),
('370','10','134','5','Civil Lines'),
('225','31','135','5','Green Town'),
('320','18','136','5','Rehmanpura'),
('137','12','137','5','Islam Nagar'),
('154','27','138','5','Rasool Nagar'),
('456','58','139','5','Nowshera Road'),
('359','49','140','5','Khiali'),
('199','2','141','6','University Road'),
('163','22','142','6','Hayatabad Phase 1'),
('68','21','143','6','Hayatabad Phase 2'),
('273','54','144','6','Hayatabad Phase 3'),
('184','43','145','6','Hayatabad Phase 4'),
('156','47','146','6','Hayatabad Phase 5'),
('422','14','147','6','Hayatabad Phase 6'),
('138','46','148','6','Hayatabad Phase 7'),
('76','39','149','6','Ring Road'),
('160','53','150','6','Warsak Road'),
('268','26','151','6','Dalazak Road'),
('112','29','152','6','Kohat Road'),
('227','61','153','6','Charsadda Road'),
('441','56','154','6','Tehkal'),
('370','9','155','6','Bara Gate'),
('237','5','156','6','Faqirabad'),
('427','31','157','6','Pishtakhara'),
('194','37','158','6','Budhni'),
('455','46','159','6','Regi Model Town'),
('253','6','160','6','Malakandher'),
('444','9','161','6','Gulbahar'),
('313','56','162','6','Shaheen Town'),
('450','43','163','6','Chamkani'),
('390','28','164','6','Badaber'),
('383','53','165','6','Urmar'),
('236','32','166','6','Khazana'),
('181','63','167','6','Mattani'),
('113','32','168','6','Sarband'),
('449','10','169','6','Shahi Bala'),
('29','41','170','6','Khyber Bazaar'),
('6','62','171','6','Kabuli Gate'),
('148','21','172','6','Ashraf Road'),
('438','51','173','6','Dabgari Gardens'),
('81','38','174','6','Firdous'),
('148','60','175','6','Board Bazaar'),
('381','6','176','6','Sadabahar'),
('337','5','177','6','Canal Town'),
('357','39','178','6','Ring Road North'),
('256','34','179','6','Ring Road South'),
('200','54','180','6','Police Lines'),
('363','56','181','6','Cantt Area'),
('236','37','182','6','Kakul'),
('411','58','183','6','Nothia'),
('178','42','184','6','Peshawar City'),
('288','3','185','6','City Chowk'),
('69','11','186','6','University Campus'),
('321','55','187','6','Gulshan Colony'),
('118','43','188','6','Iqbal Town'),
('149','12','189','6','Madina Colony'),
('406','9','190','6','Airport Road'),
('323','19','191','6','Industrial Area'),
('212','3','192','6','City Center'),
('429','3','193','6','Old City'),
('321','34','194','6','New City'),
('306','55','195','6','Tech Town'),
('275','27','196','6','Smart City'),
('47','61','197','6','Garden Area'),
('214','38','198','6','Valencia Town'),
('265','21','199','6','Palm City'),
('235','52','200','6','Lake View'),
('225','54','201','6','Rose Garden'),
('31','37','202','6','Green Avenue'),
('251','48','203','6','City Heights'),
('429','8','204','6','Metro View'),
('230','16','205','6','Central Park'),
('50','38','206','6','River Side'),
('14','2','207','6','Hill View'),
('293','13','208','6','Silver Oak Colony'),
('304','13','209','6','Sunrise Residency'),
('446','58','210','7','Clock Tower Road'),
('40','62','211','7','Railway Colony'),
('268','41','212','7','Main Bazaar'),
('198','6','213','7','Court Road'),
('328','55','214','7','Shaheen Colony'),
('16','2','215','7','City Gate'),
('26','55','216','7','Model Bazaar'),
('176','33','217','7','Garden Town'),
('352','64','218','7','Industrial Estate'),
('371','43','219','7','Civil Lines'),
('60','32','220','7','College Road'),
('210','54','221','7','Market Square'),
('177','60','222','7','Old City'),
('198','30','223','7','Fort Road'),
('308','54','224','7','Canal View'),
('236','21','225','7','New Town'),
('355','58','226','7','Sports Complex'),
('324','24','227','7','Bus Stand Area'),
('263','40','228','7','High Court Road'),
('95','39','229','7','Tech Park'),
('423','8','230','7','Media Colony'),
('450','18','231','7','Airport Link Road'),
('257','16','232','7','University Road'),
('188','7','233','7','Industrial Zone'),
('323','42','234','7','Commerce Street'),
('258','32','235','7','Food Street'),
('372','23','236','7','Hospital Road'),
('349','47','237','7','Ring Road'),
('207','15','238','7','City Mall Area'),
('389','15','239','7','Central Market'),
('280','18','240','7','Wholesale Market'),
('272','50','241','7','Public Square'),
('346','23','242','7','Old Railway Road'),
('423','5','243','7','Bus Terminal'),
('443','43','244','7','New Industrial Area'),
('284','12','245','7','Green City'),
('150','43','246','7','Palm Residency'),
('416','27','247','7','Lake City'),
('455','20','248','7','Valley View'),
('134','55','249','8','Sector 1'),
('223','39','250','8','Sector 2'),
('337','16','251','8','Sector 3'),
('41','8','252','8','Sector 4'),
('130','14','253','8','Sector 5'),
('145','33','254','8','Sector 6'),
('105','17','255','8','Sector 7'),
('133','58','256','8','Sector 8'),
('290','10','257','8','Sector 9'),
('243','26','258','8','Sector 10'),
('257','64','259','8','Sector 11'),
('143','19','260','8','Sector 12'),
('243','56','261','8','Sector 13'),
('236','63','262','8','Sector 14'),
('46','29','263','8','Sector 15'),
('18','4','264','8','Sector 16'),
('42','10','265','8','Sector 17'),
('448','13','266','8','Sector 18'),
('209','40','267','8','Sector 19'),
('183','1','268','8','Sector 20'),
('43','44','269','8','Block A'),
('281','49','270','8','Block B'),
('325','23','271','8','Block C'),
('313','11','272','8','Block D'),
('255','51','273','8','Block E'),
('151','30','274','8','Block F'),
('357','50','275','8','Block G'),
('52','54','276','8','Block H'),
('320','25','277','8','Block I'),
('120','9','278','8','Block J'),
('85','14','279','8','Block K'),
('21','34','280','8','Block L'),
('343','17','281','8','Block M'),
('356','2','282','8','Block N'),
('302','45','283','8','Block O'),
('23','38','284','8','Block P'),
('435','34','285','8','Block Q'),
('323','23','286','8','Block R'),
('263','3','287','8','Block S'),
('20','31','288','8','Block T'),
('123','55','289','8','Block U'),
('144','42','290','8','Block V'),
('8','56','291','8','Block W'),
('352','11','292','8','Block X'),
('97','52','293','8','Block Y'),
('407','6','294','8','Block Z'),
('225','54','201','6','Rose Garden'),
('31','37','202','6','Green Avenue'),
('251','48','203','6','City Heights'),
('429','8','204','6','Metro View'),
('230','16','205','6','Central Park'),
('50','38','206','6','River Side'),
('14','2','207','6','Hill View'),
('293','13','208','6','Silver Oak Colony'),
('304','13','209','6','Sunrise Residency'),
('446','58','210','7','Clock Tower Road'),
('40','62','211','7','Railway Colony'),
('268','41','212','7','Main Bazaar'),
('198','6','213','7','Court Road'),
('328','55','214','7','Shaheen Colony'),
('16','2','215','7','City Gate'),
('26','55','216','7','Model Bazaar'),
('176','33','217','7','Garden Town'),
('352','64','218','7','Industrial Estate'),
('371','43','219','7','Civil Lines'),
('60','32','220','7','College Road'),
('210','54','221','7','Market Square'),
('177','60','222','7','Old City'),
('198','30','223','7','Fort Road'),
('308','54','224','7','Canal View'),
('236','21','225','7','New Town'),
('355','58','226','7','Sports Complex'),
('324','24','227','7','Bus Stand Area'),
('263','40','228','7','High Court Road'),
('95','39','229','7','Tech Park'),
('423','8','230','7','Media Colony'),
('450','18','231','7','Airport Link Road'),
('257','16','232','7','University Road'),
('188','7','233','7','Industrial Zone'),
('323','42','234','7','Commerce Street'),
('258','32','235','7','Food Street'),
('372','23','236','7','Hospital Road'),
('349','47','237','7','Ring Road'),
('207','15','238','7','City Mall Area'),
('389','15','239','7','Central Market'),
('280','18','240','7','Wholesale Market'),
('272','50','241','7','Public Square'),
('346','23','242','7','Old Railway Road'),
('423','5','243','7','Bus Terminal'),
('443','43','244','7','New Industrial Area'),
('284','12','245','7','Green City'),
('150','43','246','7','Palm Residency'),
('416','27','247','7','Lake City'),
('455','20','248','7','Valley View'),
('134','55','249','8','Sector 1'),
('223','39','250','8','Sector 2'),
('337','16','251','8','Sector 3'),
('41','8','252','8','Sector 4'),
('130','14','253','8','Sector 5'),
('145','33','254','8','Sector 6'),
('105','17','255','8','Sector 7'),
('133','58','256','8','Sector 8'),
('290','10','257','8','Sector 9'),
('243','26','258','8','Sector 10'),
('257','64','259','8','Sector 11'),
('143','19','260','8','Sector 12'),
('243','56','261','8','Sector 13'),
('236','63','262','8','Sector 14'),
('46','29','263','8','Sector 15'),
('18','4','264','8','Sector 16'),
('42','10','265','8','Sector 17'),
('448','13','266','8','Sector 18'),
('209','40','267','8','Sector 19'),
('183','1','268','8','Sector 20'),
('43','44','269','8','Block A'),
('281','49','270','8','Block B'),
('325','23','271','8','Block C'),
('313','11','272','8','Block D'),
('255','51','273','8','Block E'),
('151','30','274','8','Block F'),
('357','50','275','8','Block G'),
('52','54','276','8','Block H'),
('320','25','277','8','Block I'),
('120','9','278','8','Block J'),
('85','14','279','8','Block K'),
('21','34','280','8','Block L'),
('343','17','281','8','Block M'),
('356','2','282','8','Block N'),
('302','45','283','8','Block O'),
('23','38','284','8','Block P'),
('435','34','285','8','Block Q'),
('323','23','286','8','Block R'),
('263','3','287','8','Block S'),
('20','31','288','8','Block T'),
('123','55','289','8','Block U'),
('144','42','290','8','Block V'),
('8','56','291','8','Block W'),
('352','11','292','8','Block X'),
('97','52','293','8','Block Y'),
('407','6','294','8','Block Z'),
('181','1','408','9','Neredmet'),
('365','56','408','9','Sainikpuri'),
('432','35','409','9','Bowenpally'),
('220','63','409','9','Old Bowenpally'),
('403','13','410','9','Malakpet'),
('268','26','410','9','New Malakpet'),
('160','16','411','9','Nallakunta'),
('446','42','411','9','Vidyanagar'),
('109','64','412','9','Osmangunj'),
('416','29','412','9','Nimboliadda'),
('402','20','413','9','Nizam Shahi Road'),
('292','2','413','9','Nizamabad Road'),
('378','45','414','9','Nizampet'),
('251','43','414','9','Nizampet Village'),
('455','40','415','9','Noor Khan Bazar'),
('291','22','415','9','Alwal'),
('278','14','416','9','Old Alwal'),
('6','25','416','9','Alwal Hills'),
('145','47','417','9','Ghasmandi'),
('398','38','417','9','Old Jail Street'),
('354','37','418','9','Old Malakpet'),
('167','41','418','9','Topkhana'),
('219','26','419','9','Osman Shahi'),
('430','44','419','9','Osmangunj'),
('8','58','420','9','Osmania University'),
('435','56','420','9','Padma Rao Nagar'),
('92','28','421','9','Palika Bazar'),
('68','31','421','9','Pan Bazar'),
('444','38','422','9','Panjagutta'),
('77','53','422','9','Somajiguda'),
('410','32','423','9','Paradise'),
('196','6','423','9','Paradise Circle'),
('1','12','424','9','Parklane'),
('387','36','424','9','Parsigutta'),
('219','10','425','9','Patancheru'),
('113','43','425','9','Patel Market'),
('416','46','426','9','Pathargatti'),
('20','9','426','9','Patny'),
('149','57','427','9','Penderghast Road'),
('138','53','427','9','Secunderabad'),
('364','62','428','9','Pot Market'),
('278','11','428','9','Pragathi Nagar'),
('157','32','429','9','Prakash Nagar'),
('28','56','429','9','Prasanth Nagar'),
('86','24','430','9','Purana Pul'),
('9','18','430','9','Purani Haveli'),
('92','26','431','9','Putli Bowli'),
('100','16','431','9','RR District'),
('99','1','432','9','Raj Bhavan Road'),
('101','12','501','11','Model Town'),
('114','25','502','11','Civil Lines'),
('207','33','503','11','Satellite Colony'),
('318','41','504','11','Garden Town'),
('225','18','505','11','Railway Colony'),
('142','27','506','11','Iqbal Nagar'),
('390','54','507','11','Peoples Colony'),
('267','36','508','11','Shastri Nagar'),
('189','22','509','11','Millat Town'),
('341','47','510','11','Factory Area'),
('76','14','511','11','Officer Colony'),
('298','39','512','11','Azizabad'),
('421','58','513','11','Kashmir Colony'),
('165','29','514','11','Farooq Nagar'),
('209','17','515','11','Gulshan Colony'),
('352','62','516','11','Al Noor Colony'),
('98','8','517','11','Islam Nagar'),
('184','45','518','11','Bismillah Town'),
('327','53','519','11','Rehman Colony'),
('116','31','520','11','Usman Town'),
('161','48','432','13','Bhagowal'),
('413','52','433','13','Pragpur'),
('125','19','433','13','Dheera Sandha'),
('275','8','434','13','Vario'),
('141','63','434','13','Partanwali'),
('341','49','435','13','Hundal'),
('322','61','435','13','Chirind'),
('401','7','436','13','Pacci Kotli'),
('204','25','436','13','Miani'),
('266','14','437','13','Adalat Garh'),
('419','9','437','13','Hararr'),
('433','5','438','13','Moman Kalan'),
('323','15','438','13','Uggo Ki'),
('401','57','439','13','Jaurian Kalan'),
('395','36','439','13','Bhagwal Awan'),
('390','6','440','13','Baunkan'),
('269','3','440','13','Gohat Pur'),
('111','21','441','13','Kour Pur'),
('125','6','441','13','Ballanwala'),
('29','20','442','13','Kapoorowali'),
('242','23','442','13','Bharthanwala'),
('154','63','443','13','Mongar'),
('367','56','443','13','Machrala'),
('49','61','444','13','Head Marala'),
('93','49','444','13','Sheni'),
('275','11','445','13','Gondal'),
('323','63','445','13','Pindi Panjoran'),
('176','47','446','13','Kotli Loharan'),
('209','4','446','13','Marakiwal'),
('320','14','447','13','Kharota Syedan'),
('234','45','447','13','Addah'),
('268','59','448','13','Ghuinke'),
('81','2','448','13','Sehjo Kala'),
('294','15','449','13','Peero Chak'),
('214','35','449','13','Bogray');

--Country

INSERT INTO Country (CountryName)
VALUES
('India');

--Province

INSERT INTO Province (ProvinceName)
VALUES
('Maharashtra'),
('Karnataka'),
('Tamil Nadu'),
('Uttar Pradesh'),
('West Bengal');

--City

INSERT INTO City (CityName)
VALUES
('Mumbai'),
('Pune'),
('Nagpur'),
('Nashik'),
('Thane'),
('Aurangabad'),
('Solapur'),
('Kolhapur'),
('Satara'),
('Amravati'),
('Akola'),
('Jalgaon'),
('Ahmednagar'),
('Latur'),
('Nanded'),
('Bengaluru'),
('Mysuru'),
('Mangaluru'),
('Hubballi'),
('Dharwad'),
('Belagavi'),
('Ballari'),
('Davangere'),
('Shivamogga'),
('Tumakuru'),
('Udupi'),
('Hassan'),
('Chitradurga'),
('Bidar'),
('Raichur'),
('Chennai'),
('Coimbatore'),
('Madurai'),
('Tiruchirappalli'),
('Salem'),
('Erode'),
('Vellore'),
('Thoothukudi'),
('Tirunelveli'),
('Dindigul'),
('Thanjavur'),
('Kanchipuram'),
('Cuddalore'),
('Karur'),
('Namakkal'),
('Lucknow'),
('Kanpur'),
('Varanasi'),
('Agra'),
('Prayagraj'),
('Ghaziabad'),
('Noida'),
('Meerut'),
('Aligarh'),
('Bareilly'),
('Moradabad'),
('Saharanpur'),
('Ayodhya'),
('Mathura'),
('Firozabad'),
('Kolkata'),
('Howrah'),
('Durgapur'),
('Asansol'),
('Siliguri'),
('Bardhaman'),
('Malda'),
('Kharagpur'),
('Haldia'),
('Krishnanagar'),
('Baharampur'),
('Jalpaiguri'),
('Balurghat'),
('Chandannagar'),
('Raiganj');


--Vendor

INSERT INTO Vendor
(Name, Address, Email, Password, Contact)
VALUES
(' AURORA TECH','Shop 107, Andheri East, Mumbai, Maharashtra','aurora.tech.mh@gmail.com','Ind@901','9876543210'),
(' BLAZE MART','Shop 122, Whitefield, Bengaluru, Karnataka','blazemart.blr@gmail.com','Ind@902','9887654321'),
(' BRANDORA','Shop 13, Indiranagar, Bengaluru, Karnataka','brandora.ind@gmail.com','Ind@903','9898765432'),
(' DEJURE INDIA','Shop 21, Bandra West, Mumbai, Maharashtra','dejure.ind@gmail.com','Ind@904','9812345678'),
(' EXECUTIVE GEAR','Shop 258, Hinjewadi Phase 2, Pune, Maharashtra','executive.gear@gmail.com','Ind@905','9823456789'),
(' GALAXY HUB','Shop 33, Jayanagar 4th Block, Bengaluru, Karnataka','galaxyhub.jnr@gmail.com','Ind@906','9834567890'),
(' GOAL STORE','Shop 53, Baner Road, Pune, Maharashtra','goalstore.pune@gmail.com','Ind@907','9845678901'),
(' GORSI INDIA','Shop 75, Salt Lake Sector V, Kolkata, West Bengal','gorsi.ind@gmail.com','Ind@908','9856789012'),
(' HAROON TRADERS','Shop 9, Shivaji Nagar, Pune, Maharashtra','haroon.traders@gmail.com','Ind@909','9867890123'),
(' HZ WINKEL INDIA','Shop A68, HSR Layout, Bengaluru, Karnataka','hzwinkel.ind@gmail.com','Ind@910','9878901234'),
(' ICON MART','Office 12, Gomti Nagar, Lucknow, Uttar Pradesh','iconmart.lko@gmail.com','Ind@911','9889012345'),
(' JUST CLICK','Office 26, Alambagh, Lucknow, Uttar Pradesh','justclick.lko@gmail.com','Ind@912','9890123456'),
(' KYACHAHIYE INDIA','Office 30, Anna Nagar, Chennai, Tamil Nadu','kyachahiye.ch@gmail.com','Ind@913','9801234567'),
(' LAHORE BAZAR INDIA','Office 42, T Nagar, Chennai, Tamil Nadu','lahorebazar.ind@gmail.com','Ind@914','9812345679'),
(' CITY MALL','Office 21, New Town, Kolkata, West Bengal','citymall.nt@gmail.com','Ind@915','9823456790'),
(' LAWN MASTER INDIA','Office 28, Velachery, Chennai, Tamil Nadu','lawnmaster.ch@gmail.com','Ind@916','9834567901'),
(' BHUTTA MOBILES','Office 41, Thane West, Mumbai, Maharashtra','bhuttamobiles.mh@gmail.com','Ind@917','9845679012'),
(' BRANDED INDIA','Office 31, Wakad, Pune, Maharashtra','branded.ind@gmail.com','Ind@918','9856780123'),
(' BUY THINGS','Office 11, Howrah, Kolkata, West Bengal','buythings.hw@gmail.com','Ind@919','9867891234'),
(' CLICK SOFT','Office 6, Electronic City, Bengaluru, Karnataka','clicksoft.ec@gmail.com','Ind@920','9878902345'),
(' CLICKY INDIA','Office 2, Yelahanka, Bengaluru, Karnataka','clicky.ind@gmail.com','Ind@921','9889013456'),
(' CONNEXION MART','Office 22, Gariahat, Kolkata, West Bengal','connexion.kol@gmail.com','Ind@922','9890124567'),
(' CRAZY PRICES','Office 5, Hadapsar, Pune, Maharashtra','crazyprices.pn@gmail.com','Ind@923','9801235678'),
(' DATTA EXPRESS','Office 32, Nashik Road, Nashik, Maharashtra','dattaexpress.mh@gmail.com','Ind@924','9812346789'),
(' DIGITAL BAZAAR','Office 29, Powai, Mumbai, Maharashtra','digitalbazaar.pow@gmail.com','Ind@925','9823457890'),
(' DIGITAL SANITY','Office 30, Koramangala, Bengaluru, Karnataka','digitalsanity.kor@gmail.com','Ind@926','9834568901'),
(' DIGITAL SHOP','Office 43, Park Street, Kolkata, West Bengal','digitalshop.pk@gmail.com','Ind@927','9845679013'),
(' EE MART','Office 13, Aminabad, Lucknow, Uttar Pradesh','eemart.lko@gmail.com','Ind@928','9856780124'),
(' ELECTO TRENDS','Office 27, Tambaram, Chennai, Tamil Nadu','electotrends.ch@gmail.com','Ind@929','9867891235'),
(' GAD TECH INDIA','Office 1, Kalyan East, Mumbai, Maharashtra','gadtech.ind@gmail.com','Ind@930','9878902346'),
(' GADGET ZONE','Office 34, JP Nagar, Bengaluru, Karnataka','gadgetzone.jp@gmail.com','Ind@931','9889012347'),
(' GADGETFAM','Office 17, BTM Layout, Bengaluru, Karnataka','gadgetfam.btm@gmail.com','Ind@932','9890123458'),
(' GADGET LOUNGE','Office 40, Aundh, Pune, Maharashtra','gadgetlounge.pn@gmail.com','Ind@933','9801234569'),
(' GADGETS MANIA','Office 16, Anna Salai, Chennai, Tamil Nadu','gadgetsmania.ch@gmail.com','Ind@934','9812345670'),
(' GADGETS ROOM','Office 25, Madipakkam, Chennai, Tamil Nadu','gadgetsroom.ch@gmail.com','Ind@935','9823456781'),
(' GOLDEN MOBILE','Office 41, Dadar East, Mumbai, Maharashtra','goldenmobile.ddr@gmail.com','Ind@936','9834567892'),
(' GOODSHOP INDIA','Office 19, Rajarhat, Kolkata, West Bengal','goodshop.ind@gmail.com','Ind@937','9845678903'),
(' HOME SHOPPING','Office 39, Vashi, Navi Mumbai, Maharashtra','homeshopping.nm@gmail.com','Ind@938','9856789014'),
(' IT SOLUS','Office 2, Noida Sector 62, Uttar Pradesh','itsolus.noida@gmail.com','Ind@939','9867890125');

--Category

insert into Category 
(CategoryName)
values
('Android Smart TV Box/Air Mouse'),
('Attendance Machine'),
('Barcode Scanner/Thermal Receipt Printer'),
('Bluetooth Handsfree'),
('Bluetooth Headphone'),
('Bluetooth Speakers'),
('Power Bank'),
('Security Cameras and Gadgets'),
('Smart Watch'),
('USB Hub');

--Product

INSERT INTO Product
(ProductName,CategoryID)
VALUES
('Wireless Air Mouse Pro C125 for Smart TV','1'),
('Smart Air Mouse MX5 Backlit for Android TV','1'),
('Mini RF Touch Keyboard with RGB Backlight','1'),
('Viboton Wireless Touch Keyboard S2','1'),
('Quad Core Android HDMI TV Stick MK810 2GB+8GB','1'),
('MXQ 4K Android Smart TV Box Quad Core','1'),
('MXQ Pro Ultra 4K Android TV Box 1GB+8GB','1'),
('NexBox A96 Quad Core Android TV Box 2GB+8GB','1'),
('H96 Pro Plus Octa Core Android TV Box 3GB+32GB','1'),
('H96 Max Ultra Android TV Box 4GB+32GB','1'),
('X96 Mini Android TV Box Quad Core 2GB+16GB','1'),
('Mecool K5 Pro Android TV Box Octa Core','1'),
('JS8 Air Mouse Keyboard with Touch Pad','1'),
('V88 Piano Android TV Box Quad Core 4GB+16GB','1'),
('MX4 Backlit Air Mouse for Smart TV','1'),
('H96 Max H3 Android TV Box 4GB+32GB','1'),
('Digital Persona USB Fingerprint Scanner U4500','2'),
('ZKTeco iFace 703 Biometric Device','2'),
('ZKTeco TX630 Attendance Terminal','2'),
('ZKTeco Live20R Optical Fingerprint Scanner','2'),
('ZKTeco K4600 USB Fingerprint Reader','2'),
('ZKTeco TX630 RFID Attendance Machine','2'),
('iFace 703 Replacement Battery','2'),
('Digital Persona Optical Fingerprint Scanner U5200','2'),
('SpeedX 3200 Bluetooth Barcode Scanner','3'),
('SpeedX 6200 2D Handheld Barcode Scanner','3'),
('SpeedX 9300 Desktop 2D Barcode Scanner','3'),
('SpeedX 9150 Desktop Barcode Scanner','3'),
('SpeedX 8150 Auto Scan Barcode Reader','3'),
('SpeedX 8250 Wired Barcode Scanner','3'),
('SpeedX 5200 WiFi Barcode Scanner','3'),
('SpeedX 310 Thermal Receipt Printer USB+LAN','3'),
('SpeedX 210 Thermal Receipt Printer USB','3'),
('Thermal Printer Controller Board USB+RS232','3'),
('Thermal Printer Controller Board USB+LAN','3'),
('XPrint X9400 Barcode Scanner','3'),
('Universal Barcode Scanner Stand','3'),
('Remax T8 Pro Bluetooth Earphones Black','4'),
('Remax T8 Pro Bluetooth Earphones White','4'),
('LG Tone HBS 910 Wireless Neckband','4'),
('LG Tone HBS 740 Bluetooth Handsfree','4'),
('Beats Power3 Wireless Earphones','4'),
('LG Tone Ultra HBS 820 Neckband','4'),
('Remax RB T4 Bluetooth Handsfree','4'),
('Remax RB T6 Bluetooth Handsfree','4'),
('Remax RBT8 Wireless Earphones','4'),
('UrBeats Wireless Bluetooth Earphones','4'),
('Remax T10 Bluetooth Headset','4'),
('Mi Wireless Bluetooth Headset Pro','4'),
('Remax Bluetooth Earphones T11','4'),
('Remax S3 Magnetic Sports Earphones','4'),
('Remax S9 Sports Neckband Bluetooth','4'),
('Remax T14 Wireless Handsfree','4'),
('True Wireless Earbuds V5 H10','4'),
('Baseus Wireless Earbuds NGA03','4'),
('Baseus Encok Mini TWS Earbuds NGA05','4'),
('Baseus Magnetic Bluetooth Neckband','4'),
('True Wireless Earbuds I9','4'),
('True Wireless Bluetooth Earbuds IP9','4'),
('Beats Studio Wireless Headphones TM011','5'),
('Nia Q2 Wireless Bluetooth Headphones','5'),
('Nia X3 Bluetooth Headphones Black','5'),
('Beats Wireless Headphones TM020','5'),
('Bluedio H+ Turbo Bluetooth Headphones','5'),
('Bluedio T3 Plus Wireless Headphones','5'),
('JBL Wireless Headphones S995','5'),
('JBL QuietComfort Wireless QC36','5'),
('Bose QuietComfort Wireless QC960','5'),
('Remax 200HB Bluetooth Headphones','5'),
('Sony Wireless Bluetooth Headphones SBH70','5'),
('Nia X6 Bluetooth Speaker Headphones','5'),
('Beats Studio Wireless 4 Headphones','5'),
('Beats Solo4 Wireless Headphones','5'),
('Bose SoundLink Mini II Bluetooth Speaker','6'),
('Beats Pill Plus Wireless Speaker','6'),
('Bose Touch Bluetooth Speaker BE9','6'),
('JBL Charge 2 Wireless Speaker','6'),
('Rock Portable Bluetooth Speaker B16','6'),
('JBL Charge 4 Wireless Speaker','6'),
('Bose SoundLink Plus Bluetooth Speaker','6'),
('Rock HFQ7 Bluetooth Speaker','6'),
('Remax RBM15 Portable Speaker','6'),
('Aero Bull Portable Bluetooth Speaker','6'),
('Portable Bluetooth Speaker BS135','6'),
('JBL Round Bluetooth Speaker BS05','6'),
('Havit Wireless Bluetooth Speaker','6'),
('Daniu LED Bluetooth Speaker','6'),
('JBL K7 Bluetooth Speaker','6'),
('JBL Charge Mini 4 Bluetooth Speaker','6'),
('Romoss Sense 5 10000mAh Power Bank','7'),
('Romoss Sense 7 20000mAh Power Bank','7'),
('Romoss Sense 10 25000mAh Power Bank','7'),
('Mi Power Bank 3 10000mAh Black','7'),
('Mi Power Bank 3 Pro 20000mAh','7'),
('Aspor Slim Power Bank 6000mAh A374','7'),
('Aspor Slim Power Bank 10000mAh A384','7'),
('Mi Power Bank 3 10000mAh Silver','7'),
('Aspor Fast Charge Power Bank 10000mAh Black','7'),
('Romoss RT12 Pro 10000mAh Fast Charge','7'),
('Aspor Fast Charge Power Bank 10000mAh Silver','7'),
('USB Endoscope Camera 3.5M for Android & PC','8'),
('Remax Dash Cam CX02 Full HD','8'),
('Wireless IP Camera 360 Dual Antenna','8'),
('4K WiFi Action Sports Camera','8'),
('Car DVR Dual Camera Front & Rear','8'),
('Panoramic IP Fish Eye Camera V390','8'),
('Car DVR Mirror Touch Screen Camera','8'),
('3D Panoramic WiFi IP Camera IPC370','8'),
('Outdoor Waterproof IP Bullet Camera 8120','8'),
('Smart Video Doorbell WiFi Camera','8'),
('DZ10 Android Smart Watch Black','9'),
('DZ10 Android Smart Watch Gold','9'),
('W09 Android Smart Watch Black','9'),
('W09 Android Smart Watch White','9'),
('GT09 Android Smart Watch Black','9'),
('Mi Band 3 Fitness Tracker','9'),
('GT09 Android Smart Watch Silver','9'),
('Q91 GPS Smart Watch with WiFi','9'),
('GT09 Plus Android Smart Watch 3G','9'),
('X02 Android Smart Watch 3G','9'),
('Y2 Smart Watch with SIM & Camera','9'),
('Smart Watch Battery X02','9'),
('Smart Watch Battery DZ10','9'),
('Health Smart Watch 120HR','9'),
('Smart Fitness Band K2 Black','9'),
('Smart Fitness Band K2 Blue','9'),
('Smart Watch Battery Z60','9'),
('X03 Android Smart Watch 5.1','9'),
('Heart Rate Fitness Band Y08','9'),
('USB 3.0 Magnetic Hub 4 Port U308','10'),
('USB 3.0 Hub 4 Port U314','10'),
('USB 3.0 Hub 4 Port U305','10'),
('USB Hub 7 Port 2.0 with Power Switch','10'),
('12 Port USB Fast Charger 15A','10'),
('USB 2.0 Magnetic Hub 4 Port U208','10'),
('USB Hub 4 Port with Power Button','10'),
('Remax 6 Port USB Charging Hub','10'),
('USB 3.0 Hub 7 Port with Switch','10'),
('ORICO USB 3.0 Hub 4 Port W60','10');

--VendorProduct

Insert Into VendorProduct
(VendorID, ProductID, Price, Quantity, Description)
Values
('1','1','1000','132','This is a good Product'),
('2','2','1050','142','This is a very good product'),
('3','3','1100','18','This is a very good product'),
('4','4','1150','43','This is a very good product'),
('5','5','1200','27','This is a very good product'),
('6','6','1250','92','This is a very good product'),
('7','7','1300','123','This is a good Product'),
('8','8','1350','132','This is a good Product'),
('9','9','1400','23','This is a good Product'),
('10','10','1450','103','This is a good Product'),
('11','11','1500','147','This is a good Product'),
('12','12','1550','73','This is a good Product'),
('13','13','1600','81','This is a good Product'),
('14','14','1650','89','This is a good Product'),
('15','15','1700','56','This is a good Product'),
('16','16','1750','122','This is a good Product'),
('17','17','1800','70','This is a good Product'),
('18','18','7350','127','This is a good Product'),
('19','19','16500','34','This is a good Product'),
('20','20','7850','63','This is a good Product'),
('21','21','5200','113','This is a good Product'),
('22','22','5500','20','This is a good Product'),
('23','23','8150','68','This is a good Product'),
('24','24','1000','58','This is a good Product'),
('25','25','7950','97','This is a good Product'),
('26','26','10000','56','This is a good Product'),
('27','27','10050','73','This is a good Product'),
('28','28','10100','59','This is a good Product'),
('29','29','10150','137','This is a good Product'),
('30','30','10200','135','This is a good Product'),
('31','31','10250','25','This is a good Product'),
('32','32','10300','13','This is a good Product'),
('33','33','10350','118','This is a good Product'),
('34','34','10400','24','This is a good Product'),
('35','35','10450','60','This is a good Product'),
('36','36','10500','102','This is a good Product'),
('37','37','10550','129','This is a good Product'),
('38','38','10600','122','This is a good Product'),
('39','39','10650','54','This is a good Product'),
('7','49','11150','60','This Product Works'),
('16','50','11200','94','This Product Works'),
('29','51','11250','139','This Product Works'),
('4','52','11300','133','This Product Works'),
('23','53','11350','82','This Product Works'),
('20','55','11450','53','This Product Works'),
('21','56','11500','72','This Product Works'),
('27','58','11600','80','This Product Works'),
('6','59','11650','111','This Product Works'),
('21','60','11700','51','This Product Works'),
('24','61','11750','42','This Product Works'),
('28','62','11800','46','This Product Works'),
('27','64','11900','128','This Product Works'),
('30','66','12000','14','This Product Works'),
('6','67','12050','140','This Product Works'),
('17','68','12100','48','This Product Works'),
('34','69','12150','132','This Product Works'),
('16','70','12200','40','This Product Works'),
('22','71','12250','43','This Product Works'),
('9','72','12300','24','This Product Works'),
('35','73','12350','65','This Product Works'),
('22','74','12400','54','This Product Works'),
('33','75','12450','50','This Product Works'),
('4','77','12550','62','This Product Works'),
('5','78','12600','16','This Product Works'),
('8','79','12650','142','This Product Works'),
('9','80','12700','45','This Product Works'),
('21','81','12750','63','This Product Works'),
('20','82','12800','86','This Product Works'),
('23','83','12850','136','This Product Works'),
('27','84','12900','110','This Product Works'),
('5','88','13100','117','Nani'),
('19','89','13150','38','Nani'),
('8','90','13200','94','Nani'),
('21','91','2000','31','Nani'),
('6','94','2150','96','Nani'),
('13','95','2200','111','Nani'),
('3','96','2250','94','Nani'),
('34','97','2300','149','Nani'),
('10','98','2350','71','Nani'),
('21','99','2400','72','Nani'),
('30','100','2450','21','Nani'),
('3','101','2500','46','Nani'),
('35','102','2550','43','Nani'),
('3','103','2600','33','Nani'),
('33','104','2650','99','Nani'),
('26','105','2700','127','Nani'),
('32','106','2750','130','Nani'),
('26','107','2800','131','Nani'),
('3','108','2850','144','Nani'),
('6','109','2900','20','Nani'),
('22','110','2950','59','Nani'),
('13','111','3000','72','Nani'),
('16','112','3050','61','Nani'),
('38','113','3100','32','Nani'),
('21','114','3150','48','Nani'),
('24','115','3200','69','Nani'),
('29','116','3250','34','Nani'),
('9','117','3300','126','Better than other vendors'),
('4','118','3350','126','Better than other vendors'),
('11','119','3400','45','Better than other vendors'),
('22','121','3500','105','Better than other vendors'),
('2','122','3550','48','Better than other vendors'),
('28','123','3600','23','Better than other vendors'),
('19','124','3650','119','Better than other vendors'),
('1','125','3700','63','Better than other vendors'),
('32','126','3750','133','Better than other vendors'),
('25','127','3800','30','Better than other vendors'),
('31','128','3850','39','Better than other vendors'),
('22','129','3900','127','Better than other vendors'),
('21','130','3950','73','Better than other vendors'),
('33','131','4000','39','Do you Bleed'),
('28','134','4150','131','Do you Bleed'),
('16','135','4200','138','Do you Bleed'),
('14','136','4250','21','Do you Bleed'),
('33','137','4300','127','Do you Bleed'),
('34','138','4350','75','Do you Bleed'),
('15','91','1950','62','Cheaper than other vendors. Great Product works great'),
('3','92','2000','105','Cheaper than other vendors. Great Product works great'),
('10','93','2050','119','Cheaper than other vendors. Great Product works great'),
('15','94','2100','120','Cheaper than other vendors. Great Product works great'),
('34','95','2150','148','Cheaper than other vendors. Great Product works great'),
('23','96','2200','83','Cheaper than other vendors. Great Product works great'),
('23','97','2250','41','Cheaper than other vendors. Great Product works great'),
('16','98','2300','96','Cheaper than other vendors. Great Product works great'),
('19','99','2350','61','Cheaper than other vendors. Great Product works great'),
('2','100','2400','61','Cheaper than other vendors. Great Product works great'),
('3','101','2450','70','Cheaper than other vendors. Great Product works great'),
('39','104','2600','43','Cheaper than other vendors. Great Product works great'),
('17','105','2650','146','Cheaper than other vendors. Great Product works great'),
('12','106','2700','40','Cheaper than other vendors. Great Product works great'),
('14','108','2800','79','Cheaper than other vendors. Great Product works great'),
('10','109','2850','111','Cheaper than other vendors. Great Product works great'),
('28','110','2900','127','Cheaper than other vendors. Great Product works great'),
('33','113','3050','125','Cheaper than other vendors. Great Product works great'),
('3','114','3100','85','Cheaper than other vendors. Great Product works great'),
('6','115','3150','115','Cheaper than other vendors. Great Product works great'),
('14','117','3250','42','Cheaper than other vendors. Great Product works great'),
('33','120','3400','106','Cheaper than other vendors. Great Product works great'),
('28','121','3450','114','Cheaper than other vendors. Great Product works great'),
('7','122','3500','71','Cheaper than other vendors. Great Product works great'),
('13','124','3600','107','Cheaper than other vendors. Great Product works great'),
('10','125','3650','113','Cheaper than other vendors. Great Product works great'),
('31','126','3700','115','Cheaper than other vendors. Great Product works great'),
('8','128','3800','99','Cheaper than other vendors. Great Product works great'),
('7','129','3850','132','Cheaper than other vendors. Great Product works great'),
('4','130','3900','11','Cheaper than other vendors. Great Product works great'),
('24','3','1100','14','Cheaper than other vendors. Great Product works great'),
('29','4','1150','83','Cheaper than other vendors. Great Product works great'),
('9','5','1200','37','Cheaper than other vendors. Great Product works great'),
('18','7','1300','99','Cheaper than other vendors. Great Product works great'),
('4','8','1350','49','Cheaper than other vendors. Great Product works great'),
('13','9','1400','32','Cheaper than other vendors. Great Product works great'),
('19','10','1450','81','Cheaper than other vendors. Great Product works great'),
('38','11','1500','32','Cheaper than other vendors. Great Product works great'),
('38','12','1550','132','Cheaper than other vendors. Great Product works great'),
('5','13','1600','69','Cheaper than other vendors. Great Product works great'),
('30','119','2000','102','Cheaper than other vendors. Great Product works great'),
('10','120','2050','111','Cheaper than other vendors. Great Product works great'),
('29','122','2150','98','Cheaper than other vendors. Great Product works great'),
('13','123','2200','112','Cheaper than other vendors. Great Product works great'),
('27','124','2250','139','Cheaper than other vendors. Great Product works great'),
('33','125','2300','125','Cheaper than other vendors. Great Product works great'),
('6','126','2350','142','Cheaper than other vendors. Great Product works great'),
('38','128','2450','105','Cheaper than other vendors. Great Product works great')



--CartProduct

Insert Into CartProduct
(VendorProductID,Quantity,CartID)
Values

('36','1','131'),
('37','3','132'),
('38','1','133'),
('39','1','134'),
('40','3','135'),
('41','2','136'),
('42','3','137'),
('43','1','138'),
('44','1','139'),
('45','1','140'),
('46','3','141'),
('47','1','142'),
('48','1','143'),
('49','1','144'),
('50','1','145'),
('51','2','146'),
('52','1','147'),
('53','3','148'),
('54','3','149'),
('55','3','150'),
('56','1','151'),
('57','1','152'),
('58','1','153'),
('59','3','154'),
('60','3','155'),
('61','1','156'),
('62','2','157'),
('63','1','158'),
('64','1','159'),
('65','3','160'),
('66','1','161'),
('67','1','162'),
('68','1','163'),
('69','1','164'),
('70','1','165'),
('71','1','166'),
('72','1','167'),
('73','2','168'),
('74','1','169'),
('75','1','170'),
('76','3','171'),
('77','3','172'),
('78','3','173'),
('79','3','174'),
('80','3','175'),
('81','1','176'),
('82','1','177'),
('83','3','178'),
('84','3','179'),
('85','2','180'),
('86','3','181'),
('87','1','182'),
('88','3','183'),
('89','1','184'),
('90','2','185'),
('91','1','186'),
('92','2','187'),
('93','1','188'),
('94','2','189'),
('95','2','190'),
('96','1','191'),
('97','2','192'),
('98','2','193'),
('99','1','194'),
('100','3','195'),
('101','1','196'),
('102','1','197'),
('103','2','198'),
('104','2','199'),
('105','1','200'),
('106','1','201'),
('37','2','202'),
('38','3','203'),
('39','3','204'),
('40','3','205'),
('41','1','206'),
('42','3','207'),
('43','1','208'),
('44','2','209'),
('45','2','210'),
('46','1','211'),
('47','1','212'),
('48','2','213'),
('49','1','214'),
('50','2','215'),
('51','1','216'),
('52','3','217'),
('53','2','218'),
('54','1','219'),
('55','1','220');

--Courier

Insert Into Courier
(Name,Contact)
Values 
 ('TCS','111123456'),
 ('Leopards Courier','111300786'),
 ('Speedex','111779779'),
 ('DHL','9221111345111'),
 ('FedEx Express','111811111'),
 ('OCS','111202202'),
 ('DCS Couriers','3212429142'),
 ('APX','92214529604'),
 ('Golden Pacific International','923212435911'),
 ('PCL','9221111333725');

--VendorCourier

Insert Into VendorCourier
(VendorID,CourierID)
Values

('1','1'),
('1','2'),
('1','3'),
('1','4'),
('1','5'),
('1','6'),
('1','7'),
('1','8'),
('1','9'),
('1','10'),
('2','1'),
('2','2'),
('2','3'),
('2','4'),
('2','5'),
('2','6'),
('2','7'),
('2','8'),
('2','9'),
('2','10'),
('3','1'),
('3','2'),
('3','3'),
('3','4'),
('3','5'),
('3','6'),
('3','7'),
('3','8'),
('3','9'),
('3','10'),
('4','1'),
('4','2'),
('4','3'),
('4','4'),
('4','5'),
('4','6'),
('4','7'),
('4','8'),
('4','9'),
('4','10'),
('5','1'),
('5','2'),
('5','3'),
('5','4'),
('5','5'),
('5','6'),
('5','7'),
('5','8'),
('5','9'),
('5','10'),
('6','1'),
('6','2'),
('6','3'),
('6','4'),
('6','5'),
('6','6'),
('6','7'),
('6','8'),
('6','9'),
('6','10'),
('7','1'),
('7','2'),
('7','3'),
('7','4'),
('7','5'),
('7','6'),
('7','7'),
('7','8'),
('7','9'),
('7','10'),
('8','1'),
('8','2'),
('8','3'),
('8','4'),
('8','5'),
('8','6'),
('8','7'),
('8','8'),
('8','9'),
('8','10'),
('9','1'),
('9','2'),
('9','3'),
('9','4'),
('9','5'),
('9','6'),
('9','7'),
('9','8'),
('9','9'),
('9','10'),
('10','1'),
('10','2'),
('10','3'),
('10','4'),
('10','5'),
('10','6'),
('10','7'),
('10','8'),
('10','9'),
('10','10'),
('11','1'),
('11','2'),
('11','3'),
('11','4'),
('11','5'),
('11','6'),
('11','7'),
('11','8'),
('11','9'),
('11','10'),
('12','1'),
('12','2'),
('12','3'),
('12','4'),
('12','5'),
('12','6'),
('12','7'),
('12','8'),
('12','9'),
('12','10'),
('13','1'),
('13','2'),
('13','3'),
('13','4'),
('13','5'),
('13','6'),
('13','7'),
('13','8'),
('13','9'),
('13','10'),
('14','1'),
('14','2'),
('14','3'),
('14','4'),
('14','5'),
('14','6'),
('14','7'),
('14','8'),
('14','9'),
('14','10'),
('15','1'),
('15','2'),
('15','3'),
('15','4'),
('15','5'),
('15','6'),
('15','7'),
('15','8'),
('15','9'),
('15','10'),
('16','1'),
('16','2'),
('16','3'),
('16','4'),
('16','5'),
('16','6'),
('16','7'),
('16','8'),
('16','9'),
('16','10'),
('17','1'),
('17','2'),
('17','3'),
('17','4'),
('17','5'),
('17','6'),
('17','7'),
('17','8'),
('17','9'),
('17','10'),
('18','1'),
('18','2'),
('18','3'),
('18','4'),
('18','5'),
('18','6'),
('18','7'),
('18','8'),
('18','9'),
('18','10'),
('19','1'),
('19','2'),
('19','3'),
('19','4'),
('19','5'),
('19','6'),
('19','7'),
('19','8'),
('19','9'),
('19','10'),
('20','1'),
('20','2'),
('20','3'),
('20','4'),
('20','5'),
('20','6'),
('20','7'),
('20','8'),
('20','9'),
('20','10'),
('21','1'),
('21','2'),
('21','3'),
('21','4'),
('21','5'),
('21','6'),
('21','7'),
('21','8'),
('21','9'),
('21','10'),
('22','1'),
('22','2'),
('22','3'),
('22','4'),
('22','5'),
('22','6'),
('22','7'),
('22','8'),
('22','9'),
('22','10'),
('23','1'),
('23','2'),
('23','3'),
('23','4'),
('23','5'),
('23','6'),
('23','7'),
('23','8'),
('23','9'),
('23','10'),
('24','1'),
('24','2'),
('24','3'),
('24','4'),
('24','5'),
('24','6'),
('24','7'),
('24','8'),
('24','9'),
('24','10'),
('25','1'),
('25','2'),
('25','3'),
('25','4'),
('25','5'),
('25','6'),
('25','7'),
('25','8'),
('25','9'),
('25','10'),
('26','1'),
('26','2'),
('26','3'),
('26','4'),
('26','5'),
('26','6'),
('26','7'),
('26','8'),
('26','9'),
('26','10'),
('27','1'),
('27','2'),
('27','3'),
('27','4'),
('27','5'),
('27','6'),
('27','7'),
('27','8'),
('27','9'),
('27','10'),
('28','1'),
('28','2'),
('28','3'),
('28','4'),
('28','5'),
('28','6'),
('28','7'),
('28','8'),
('28','9'),
('28','10'),
('29','1'),
('29','2'),
('29','3'),
('29','4'),
('29','5'),
('29','6'),
('29','7'),
('29','8'),
('29','9'),
('29','10'),
('30','1'),
('30','2'),
('30','3'),
('30','4'),
('30','5'),
('30','6'),
('30','7'),
('30','8'),
('30','9'),
('30','10'),
('31','1'),
('31','2'),
('31','3'),
('31','4'),
('31','5'),
('31','6'),
('31','7'),
('31','8'),
('31','9'),
('31','10'),
('32','1'),
('32','2'),
('32','3'),
('32','4'),
('32','5'),
('32','6'),
('32','7'),
('32','8'),
('32','9'),
('32','10'),
('33','1'),
('33','2'),
('33','3'),
('33','4'),
('33','5'),
('33','6'),
('33','7'),
('33','8'),
('33','9'),
('33','10'),
('34','1'),
('34','2'),
('34','3'),
('34','4'),
('34','5'),
('34','6'),
('34','7'),
('34','8'),
('34','9'),
('34','10'),
('35','1'),
('35','2'),
('35','3'),
('35','4'),
('35','5'),
('35','6'),
('35','7'),
('35','8'),
('35','9'),
('35','10'),
('36','1'),
('36','2'),
('36','3'),
('36','4'),
('36','5'),
('36','6'),
('36','7'),
('36','8'),
('36','9'),
('36','10'),
('37','1'),
('37','2'),
('37','3'),
('37','4'),
('37','5'),
('37','6'),
('37','7'),
('37','8'),
('37','9'),
('37','10'),
('38','1'),
('38','2'),
('38','3'),
('38','4'),
('38','5'),
('38','6'),
('38','7'),
('38','8'),
('38','9'),
('38','10'),
('39','1'),
('39','2'),
('39','3'),
('39','4'),
('39','5'),
('39','6'),
('39','7'),
('39','8'),
('39','9'),
('39','10');

--Orders

Insert Into Orders
(CustomerID,OrderDate,AddressID,VendorCourierID,TrackingID)
Values
('1','2011-01-27','1','318','77425889862'),
('2','2013-07-26','2','55','77425886223'),
('4','2013-04-29','4','201','77425885238'),
('7','2010-09-21','7','339','77425885130'),
('8','2012-07-22','8','230','77425885227'),
('9','2012-09-03','9','17','77425887281'),
('10','2016-08-05','10','336','77425883684'),
('13','2011-10-20','13','141','77425881429'),
('14','2017-09-16','14','170','77425882890'),
('15','2012-11-05','15','120','77425887131'),
('16','2015-08-18','16','94','77425882835'),
('18','2016-04-27','18','210','77425886346'),
('19','2012-04-24','19','319','77425886749'),
('20','2012-08-16','20','115','77425889588'),
('21','2010-07-13','21','34','77425880155'),
('23','2013-11-04','23','7','77425886822'),
('26','2015-08-17','26','195','77425887420'),
('27','2013-04-30','27','204','77425888669'),
('29','2010-10-20','29','315','77425880466'),
('30','2010-01-29','30','189','77425884898'),
('31','2015-03-12','31','244','77425882562'),
('36','2012-05-07','36','52','77425882110'),
('37','2016-01-04','37','120','77425882002'),
('38','2012-05-18','38','187','77425885355'),
('39','2012-09-28','39','259','77425885368'),
('40','2011-06-04','40','376','77425880075'),
('42','2011-09-13','42','265','77425888314'),
('43','2013-01-06','43','102','77425887866'),
('45','2017-07-16','45','30','77425887428'),
('46','2013-01-25','46','382','77425882084'),
('47','2010-04-22','47','69','77425889338'),
('48','2013-08-30','48','289','77425883572'),
('49','2010-06-22','49','341','77425881922'),
('50','2012-04-26','50','199','77425884156'),
('51','2012-07-12','51','101','77425880154'),
('53','2011-11-13','53','346','77425881576'),
('54','2010-03-12','54','98','77425886159'),
('55','2014-11-20','55','22','77425886267'),
('56','2015-03-04','56','77','77425883546'),
('57','2011-04-09','57','200','77425885061'),
('58','2013-10-23','58','105','77425889476'),
('59','2010-04-22','59','164','77425889530'),
('60','2016-07-12','60','215','77425887856'),
('61','2012-07-21','61','91','77425886362'),
('63','2014-02-11','63','318','77425886109'),
('64','2012-04-26','64','124','77425883448'),
('65','2015-08-11','65','321','77425889675'),
('66','2013-02-05','66','271','77425885022'),
('68','2016-01-15','68','236','77425889728'),
('69','2012-03-29','69','234','77425889671'),
('70','2012-12-08','70','264','77425883619'),
('71','2012-06-27','71','265','77425888906'),
('73','2016-06-27','73','60','77425883634'),
('74','2011-01-27','74','304','77425884705'),
('75','2014-10-11','75','230','77425884049'),
('76','2014-01-12','76','281','77425884983'),
('78','2011-10-26','78','230','77425882261'),
('79','2016-07-18','79','348','77425887017'),
('80','2017-12-04','80','198','77425889550'),
('81','2015-05-05','81','119','77425888360'),
('83','2018-01-11','83','304','77425882645'),
('84','2012-09-09','84','370','77425886033'),
('85','2015-06-25','85','90','77425880040'),
('87','2014-05-17','87','321','77425880351'),
('88','2012-02-25','88','334','77425886659'),
('91','2017-06-15','91','256','77425887495'),
('92','2011-01-27','92','215','77425884134'),
('96','2016-05-03','96','150','77425886622'),
('97','2014-01-24','97','362','77425886606'),
('99','2016-08-05','99','139','77425888744'),
('100','2016-05-03','100','47','77425882168'),
('103','2013-04-29','103','288','77425882923'),
('104','2014-02-08','104','175','77425887952'),
('105','2014-01-15','105','245','77425882133'),
('106','2014-11-06','106','75','77425881229'),
('108','2010-11-23','108','386','77425881832'),
('109','2016-03-14','109','159','77425883857'),
('110','2016-04-20','110','95','77425883615'),
('112','2012-08-16','112','62','77425889150'),
('113','2014-11-05','113','60','77425886269'),
('114','2014-09-23','114','174','77425882554'),
('115','2013-10-07','115','312','77425884352'),
('116','2015-08-17','116','75','77425883038'),
('117','2012-11-30','117','188','77425886707'),
('118','2013-06-18','118','44','77425882440'),
('119','2014-05-06','119','355','77425887491'),
('120','2011-09-25','120','310','77425889147'),
('121','2018-02-12','121','169','77425888997'),
('122','2011-08-15','122','276','77425886185'),
('123','2017-05-04','123','232','77425889555'),
('128','2012-06-20','128','49','77425887569'),
('129','2016-08-01','129','232','77425885116'),
('130','2010-08-25','130','227','77425885876'),
('131','2017-01-29','131','26','77425886406'),
('132','2016-07-31','132','26','77425883024'),
('134','2011-09-01','134','84','77425882938'),
('135','2014-02-12','135','306','77425886003'),
('136','2015-12-13','136','291','77425887308'),
('137','2012-10-02','137','193','77425887847'),
('138','2012-07-24','138','316','77425887961'),
('139','2016-01-15','139','16','77425888238'),
('140','2017-05-04','140','322','77425889596'),
('143','2010-12-17','143','132','77425883497'),
('144','2014-07-28','144','253','77425882351'),
('145','2014-06-18','145','349','77425888931'),
('146','2011-12-13','146','62','77425882103'),
('147','2011-09-23','147','213','77425882628'),
('148','2014-09-11','148','243','77425889086'),
('149','2017-03-25','149','251','77425886178'),
('150','2015-05-25','150','68','77425889528'),
('151','2013-08-21','151','204','77425883675'),
('152','2010-02-11','152','365','77425888310'),
('153','2013-10-26','153','306','77425881341'),
('154','2012-08-07','154','88','77425883937'),
('155','2015-06-25','155','234','77425884703'),
('156','2015-06-03','156','350','77425888188'),
('157','2017-11-16','157','154','77425885817'),
('158','2016-02-06','158','255','77425889290'),
('159','2015-10-16','159','289','77425881907'),
('160','2014-02-21','160','332','77425884745'),
('161','2016-08-06','161','269','77425885317'),
('162','2013-10-13','162','335','77425888279'),
('163','2016-10-09','163','279','77425884561'),
('164','2012-05-01','164','266','77425886182'),
('165','2010-09-22','165','65','77425882705'),
('166','2014-06-17','166','238','77425880125'),
('167','2013-08-02','167','333','77425882626'),
('168','2016-04-20','168','88','77425886572'),
('169','2012-03-08','169','139','77425884857'),
('170','2018-01-11','170','27','77425886832'),
('171','2010-08-04','171','112','77425880619'),
('172','2015-08-14','172','313','77425883235'),
('173','2013-01-14','173','148','77425882441'),
('174','2010-06-22','174','341','77425881325'),
('175','2012-07-21','175','58','77425881917'),
('176','2010-03-01','176','272','77425883828'),
('177','2013-07-12','177','345','77425882924'),
('178','2017-01-29','178','12','77425880749'),
('179','2014-02-11','179','344','77425880546'),
('180','2011-10-01','180','271','77425889003'),
('181','2011-05-02','181','346','77425880942'),
('182','2016-11-12','182','265','77425885923'),
('183','2016-09-16','183','364','77425887762'),
('184','2016-06-01','184','58','77425880220'),
('185','2012-07-22','185','294','77425883878'),
('186','2017-07-17','186','298','77425885931'),
('187','2016-12-21','187','118','77425888615'),
('188','2012-04-01','188','367','77425889923'),
('189','2012-10-19','189','43','77425882950'),
('190','2011-03-03','190','353','77425887458'),
('191','2014-02-15','191','197','77425889585'),
('192','2017-03-18','192','294','77425884224'),
('193','2012-02-26','193','222','77425888248'),
('194','2016-08-29','194','334','77425882643'),
('195','2014-06-26','195','278','77425882694'),
('196','2013-08-26','196','207','77425884788'),
('197','2010-05-17','197','146','77425888044'),
('198','2013-07-08','198','334','77425884979'),
('199','2015-05-05','199','264','77425886505'),
('200','2016-04-03','200','344','77425883219'),
('201','2016-01-12','201','249','77425886616'),
('202','2011-10-14','202','311','77425881197'),
('203','2013-12-30','203','98','77425889586'),
('204','2013-02-19','204','252','77425885102'),
('205','2010-09-11','205','342','77425881662'),
('206','2017-07-16','206','249','77425885990'),
('207','2017-08-06','207','18','77425888870'),
('208','2014-07-28','208','363','77425888122'),
('209','2010-08-25','209','203','77425880342'),
('210','2015-08-19','210','205','77425883022'),
('211','2017-05-04','211','284','77425882826'),
('212','2013-03-06','212','222','77425889973'),
('213','2013-07-15','213','342','77425886209'),
('214','2011-11-13','214','337','77425887810'),
('215','2016-05-05','215','302','77425888553'),
('216','2010-03-30','216','307','77425884810'),
('217','2016-05-28','217','121','77425887087'),
('218','2014-01-15','218','348','77425881043'),
('219','2012-12-08','219','19','77425883054'),
('220','2011-03-20','220','96','77425886980'),
('221','2015-11-10','221','156','77425889745'),
('222','2013-01-07','222','69','77425888275'),
('223','2013-05-08','223','341','77425888816'),
('224','2013-11-19','224','345','77425882239'),
('225','2010-02-24','225','126','77425888335'),
('226','2013-07-07','226','260','77425888461'),
('227','2011-02-15','227','313','77425884996'),
('228','2011-03-24','228','182','77425889087'),
('229','2015-09-29','229','197','77425883721'),
('230','2013-10-07','230','360','77425885199'),
('231','2016-08-05','231','168','77425883093'),
('232','2013-12-15','232','362','77425885258'),
('233','2012-02-26','233','307','77425881140'),
('234','2011-12-07','234','97','77425885818'),
('235','2014-01-24','235','249','77425885812'),
('236','2012-05-01','236','364','77425884290'),
('237','2014-08-29','237','371','77425885899'),
('238','2012-05-01','238','342','77425889644'),
('239','2013-02-08','239','326','77425883650'),
('240','2013-08-25','240','196','77425882436'),
('241','2011-12-03','241','309','77425889970'),
('242','2013-04-30','242','346','77425889178'),
('243','2016-07-09','243','49','77425881647'),
('244','2010-01-22','244','170','77425880662'),
('245','2013-01-09','245','301','77425887905'),
('246','2017-09-16','246','216','77425888602'),
('247','2011-05-26','247','99','77425886918'),
('248','2016-01-08','248','101','77425886467'),
('249','2016-02-06','249','157','77425882889'),
('250','2016-08-08','250','201','77425883907'),
('251','2014-03-12','251','145','77425900001'),
('252','2016-08-19','252','201','77425900002'),
('253','2012-07-22','253','89','77425900003'),
('254','2015-01-08','254','168','77425900004'),
('255','2013-01-25','255','302','77425900005'),
('256','2011-09-04','256','176','77425900006'),
('257','2017-06-11','257','244','77425900007'),
('258','2010-10-19','258','321','77425900008'),
('259','2015-12-03','259','240','77425900009'),
('260','2012-02-14','260','157','77425900010'),
('261','2016-11-24','261','358','77425900011'),
('262','2013-04-18','262','197','77425900012'),
('263','2010-08-20','263','126','77425900013'),
('264','2014-10-10','264','212','77425900014'),
('265','2014-09-23','265','252','77425900015'),
('266','2013-06-01','266','235','77425900016'),
('267','2011-05-26','267','312','77425900017'),
('268','2017-07-28','268','149','77425900018'),
('269','2010-03-29','269','223','77425900019'),
('270','2013-03-02','270','107','77425900020'),
('271','2011-02-11','271','287','77425900021'),
('272','2013-12-17','272','245','77425900022'),
('273','2014-07-08','273','279','77425900023'),
('274','2016-07-18','274','64','77425900024'),
('275','2010-11-23','275','144','77425900025'),
('276','2017-03-25','276','311','77425900026'),
('277','2012-01-28','277','29','77425900027'),
('278','2015-08-20','278','58','77425900028'),
('279','2012-01-28','279','310','77425900029'),
('280','2017-11-29','280','88','77425900030'),
('281','2010-03-29','281','185','77425900031'),
('282','2014-07-28','282','63','77425900032'),
('283','2015-12-17','283','334','77425900033'),
('284','2010-08-19','284','98','77425900034'),
('285','2012-08-31','285','40','77425900035'),
('286','2014-06-15','286','329','77425900036'),
('287','2014-02-13','287','242','77425900037'),
('288','2015-05-30','288','230','77425900038'),
('289','2016-08-08','289','372','77425900039'),
('290','2015-03-03','290','178','77425900040'),
('291','2010-06-09','291','331','77425900041'),
('292','2013-05-30','292','270','77425900042'),
('293','2017-12-24','293','15','77425900043'),
('294','2010-05-25','294','370','77425900044'),
('295','2014-07-24','295','264','77425900045'),
('296','2011-01-11','296','369','77425900046'),
('297','2014-02-14','297','343','77425900047'),
('298','2015-05-11','298','259','77425900048'),
('299','2014-03-08','299','28','77425900049'),
('300','2012-08-07','300','185','77425900050'),
('301','2012-01-23','301','340','77425900051'),
('302','2016-12-17','302','18','77425900052'),
('303','2012-09-25','303','239','77425900053'),
('304','2014-10-10','304','373','77425900054'),
('305','2012-05-18','305','369','77425900055'),
('306','2011-03-20','306','75','77425900056'),
('307','2015-03-12','307','350','77425900057'),
('308','2015-09-02','308','126','77425900058'),
('309','2017-10-14','309','350','77425900059'),
('310','2011-10-12','310','286','77425900060'),
('311','2010-09-04','311','232','77425900061'),
('312','2010-12-17','312','285','77425900062'),
('313','2016-04-25','313','297','77425900063'),
('314','2010-03-22','314','98','77425900064'),
('315','2013-08-02','315','362','77425900065'),
('316','2011-10-01','316','235','77425900066'),
('317','2011-06-04','317','341','77425900067'),
('318','2013-07-03','318','244','77425900068'),
('319','2015-10-07','319','107','77425900069'),
('320','2010-02-11','320','303','77425900070'),
('321','2010-08-20','321','314','77425900071'),
('322','2017-01-21','322','329','77425900072'),
('323','2011-09-14','323','264','77425900073'),
('324','2012-06-27','324','205','77425900074'),
('325','2016-04-20','325','1','77425900075'),
('326','2010-07-09','326','282','77425900076'),
('327','2016-06-14','327','155','77425900077'),
('328','2012-06-09','328','119','77425900078'),
('329','2014-09-05','329','365','77425900079'),
('330','2010-05-25','330','269','77425900080'),
('331','2016-01-08','331','191','77425900081'),
('332','2012-05-23','332','208','77425900082'),
('333','2010-08-05','333','235','77425900083'),
('334','2011-11-13','334','40','77425900084'),
('335','2013-07-02','335','205','77425900085'),
('336','2012-10-18','336','297','77425900086'),
('337','2011-03-03','337','253','77425900087'),
('338','2012-03-08','338','222','77425900088'),
('339','2015-08-19','339','376','77425900089'),
('340','2015-05-28','340','159','77425900090'),
('341','2012-06-25','341','327','77425900091'),
('342','2018-02-07','342','110','77425900092'),
('343','2010-05-12','343','267','77425900093'),
('344','2010-08-04','344','50','77425900094'),
('345','2014-10-13','345','132','77425900095'),
('346','2016-09-07','346','273','77425900096'),
('347','2015-09-02','347','42','77425900097'),
('348','2011-08-04','348','134','77425900098'),
('349','2011-01-01','349','165','77425900099'),
('350','2017-07-17','350','46','77425900100'),
('351','2016-05-03','351','373','77425900101'),
('352','2010-11-10','352','320','77425900102'),
('353','2018-01-12','353','321','77425900103'),
('354','2013-09-10','354','180','77425900104'),
('355','2017-03-09','355','189','77425900105'),
('356','2012-11-06','356','341','77425900106'),
('357','2013-02-23','357','89','77425900107'),
('358','2016-09-07','358','84','77425900108'),
('359','2014-02-13','359','298','77425900109'),
('360','2010-10-23','360','299','77425900110'),
('361','2013-01-17','361','195','77425900111'),
('362','2012-09-28','362','317','77425900112'),
('363','2014-11-12','363','43','77425900113'),
('364','2012-01-01','364','148','77425900114'),
('365','2012-05-07','365','14','77425900115'),
('366','2013-01-06','366','298','77425900116'),
('367','2015-09-07','367','372','77425900117'),
('368','2017-06-24','368','305','77425900118'),
('369','2010-08-19','369','320','77425900119'),
('370','2016-10-23','370','221','77425900120'),
('371','2018-01-12','371','87','77425900121'),
('372','2015-09-29','372','180','77425900122'),
('373','2010-10-05','373','54','77425900123'),
('374','2014-11-20','374','162','77425900124'),
('375','2010-03-29','375','329','77425900125'),
('376','2011-02-15','376','135','77425900126'),
('377','2016-05-05','377','28','77425900127'),
('378','2012-11-19','378','210','77425900128'),
('379','2017-07-28','379','45','77425900129'),
('380','2015-03-04','380','16','77425900130'),
('381','2012-02-01','381','318','77425900131'),
('382','2015-08-19','382','37','77425900132'),
('383','2013-06-30','383','341','77425900133'),
('384','2016-04-27','384','322','77425900134'),
('385','2012-07-24','385','353','77425900135'),
('386','2013-06-12','386','140','77425900136'),
('387','2010-10-18','387','336','77425900137'),
('388','2011-12-07','388','70','77425900138'),
('389','2010-02-01','389','358','77425900139'),
('390','2016-03-14','390','288','77425900140'),
('391','2014-07-14','391','73','77425900141'),
('392','2016-04-27','392','61','77425900142'),
('393','2016-02-08','393','341','77425900143'),
('394','2014-09-11','394','9','77425900144'),
('395','2011-02-11','395','82','77425900145'),
('396','2011-06-01','396','298','77425900146'),
('397','2011-05-24','397','294','77425900147'),
('398','2015-06-03','398','34','77425900148'),
('399','2016-06-27','399','103','77425900149'),
('400','2012-10-08','400','81','77425900150'),
('401','2014-06-15','401','368','77425900151'),
('402','2013-05-08','402','79','77425900152'),
('403','2013-02-18','403','25','77425900153'),
('404','2014-11-15','404','87','77425900154'),
('405','2015-01-28','405','308','77425900155'),
('406','2013-03-11','406','60','77425900156'),
('407','2016-10-28','407','206','77425900157'),
('408','2015-02-08','408','181','77425900158'),
('409','2014-02-15','409','56','77425900159'),
('410','2015-05-31','410','232','77425900160'),
('411','2010-03-16','411','310','77425900161'),
('412','2011-08-11','412','256','77425900162'),
('413','2010-10-18','413','46','77425900163'),
('414','2014-05-13','414','314','77425900164'),
('415','2013-03-28','415','116','77425900165'),
('416','2012-08-07','416','315','77425900166'),
('417','2014-04-14','417','380','77425900167'),
('418','2017-01-03','418','346','77425900168'),
('419','2014-06-17','419','89','77425900169'),
('420','2013-03-06','420','39','77425900170'),
('421','2011-11-13','421','239','77425900171'),
('422','2013-06-18','422','123','77425900172'),
('423','2010-11-23','423','142','77425900173'),
('424','2014-05-17','424','15','77425900174'),
('425','2014-09-13','425','302','77425900175'),
('426','2016-10-16','426','285','77425900176'),
('427','2012-03-08','427','60','77425900177'),
('428','2012-09-13','428','318','77425900178'),
('429','2010-10-12','429','159','77425900179'),
('430','2010-01-22','430','230','77425900180'),
('431','2012-10-06','431','283','77425900181'),
('432','2012-01-23','432','334','77425900182'),
('433','2010-03-29','433','200','77425900183'),
('434','2012-09-22','434','91','77425900184'),
('435','2013-12-05','435','144','77425900185'),
('436','2013-10-26','436','367','77425900186'),
('437','2012-01-24','437','41','77425900187'),
('438','2018-01-11','438','297','77425900188'),
('439','2013-01-17','439','214','77425900189'),
('440','2015-12-18','440','216','77425900190'),
('441','2012-11-22','441','341','77425900191'),
('442','2012-09-05','442','6','77425900192'),
('443','2014-03-08','443','276','77425900193'),
('444','2016-11-04','444','248','77425900194'),
('445','2011-05-26','445','66','77425900195'),
('446','2011-10-12','446','357','77425900196'),
('447','2011-10-27','447','384','77425900197'),
('448','2016-09-16','448','353','77425900198'),
('449','2010-01-22','449','42','77425900199'),
('450','2014-05-24','450','32','77425900200'),
('451','2017-03-25','451','200','77425900201'),
('452','2013-07-20','452','280','77425900202'),
('453','2010-12-17','453','356','77425900203'),
('454','2012-11-06','454','104','77425900204'),
('455','2017-05-14','455','11','77425900205'),
('456','2010-04-13','456','245','77425900206'),
('457','2016-06-12','457','33','77425900207'),
('458','2010-04-13','458','360','77425900208'),
('459','2017-01-11','459','358','77425900209'),
('460','2015-12-13','460','98','77425900210'),
('461','2014-12-18','461','28','77425900211'),
('462','2016-01-12','462','69','77425900212'),
('463','2013-10-13','463','342','77425900213'),
('464','2012-10-21','464','227','77425900214'),
('465','2013-06-12','465','211','77425900215'),
('466','2013-07-20','466','17','77425900216'),
('467','2016-09-22','467','295','77425900217'),
('468','2014-11-21','468','218','77425900218'),
('469','2010-11-19','469','21','77425900219'),
('470','2014-07-27','470','75','77425900220'),
('471','2016-02-25','471','52','77425900221'),
('472','2013-02-05','472','88','77425900222'),
('473','2016-02-25','473','72','77425900223'),
('474','2014-11-24','474','376','77425900224'),
('475','2012-01-24','475','270','77425900225'),
('476','2012-02-26','476','75','77425900226'),
('477','2013-04-05','477','24','77425900227'),
('478','2013-04-29','478','145','77425900228'),
('479','2016-09-22','479','364','77425900229'),
('480','2012-01-24','480','302','77425900230'),
('481','2012-10-30','481','295','77425900231'),
('482','2017-07-10','482','277','77425900232'),
('483','2012-05-23','483','235','77425900233'),
('484','2012-02-15','484','167','77425900234'),
('485','2012-09-28','485','205','77425900235'),
('486','2016-04-10','486','161','77425900236'),
('487','2014-01-19','487','184','77425900237'),
('488','2013-06-22','488','90','77425900238'),
('489','2015-03-18','489','138','77425900239'),
('490','2016-11-09','490','299','77425900240'),
('491','2012-04-03','491','214','77425900241'),
('492','2011-07-15','492','176','77425900242');

--OrderedProduct

Insert Into OrderedProduct
(VendorProductID ,OrderID ,Quantity )
Values

('1','1','5'),
('2','2','1'),
('3','3','6'),
('4','4','3'),
('5','5','5'),
('6','6','6'),
('7','7','1'),
('8','8','3'),
('9','9','6'),
('10','10','2'),
('11','11','3'),
('12','12','4'),
('13','13','6'),
('14','14','4'),
('15','15','6'),
('16','16','5'),
('17','17','4'),
('18','18','6'),
('19','19','5'),
('20','20','4'),
('21','21','6'),
('22','22','3'),
('23','23','1'),
('24','24','1'),
('25','25','6'),
('26','26','4'),
('27','27','6'),
('28','28','1'),
('29','29','2'),
('30','30','6'),
('2','31','2'),
('2','32','1'),
('33','33','6'),
('34','34','1'),
('35','35','4'),
('2','36','6'),
('37','37','1'),
('38','38','2'),
('2','39','6'),
('40','40','1'),
('41','41','5'),
('42','42','1'),
('43','43','6'),
('44','44','3'),
('45','45','4'),
('46','46','6'),
('47','47','5'),
('48','48','1'),
('49','49','4'),
('50','50','1'),
('51','51','4'),
('52','52','6'),
('53','53','6'),
('54','54','4'),
('55','55','6'),
('56','56','2'),
('57','57','6'),
('58','58','1'),
('59','59','1'),
('60','60','4'),
('61','61','5'),
('62','62','4'),
('63','63','6'),
('64','64','4'),
('65','65','5'),
('66','66','5'),
('67','67','6'),
('68','68','3'),
('69','69','3'),
('70','70','3'),
('71','71','1'),
('72','72','5'),
('73','73','2'),
('74','74','2'),
('75','75','1'),
('76','76','5'),
('77','77','6'),
('5','78','4'),
('2','79','1'),
('3','80','3'),
('4','81','6'),
('5','82','3'),
('6','83','2'),
('7','84','5'),
('8','85','6'),
('9','86','6'),
('10','87','3'),
('11','88','6'),
('12','89','6'),
('13','90','4'),
('91','91','5'),
('92','92','6'),
('93','93','1'),
('94','94','3'),
('95','95','6'),
('96','96','3'),
('97','97','5'),
('98','98','3'),
('99','99','1'),
('100','100','5'),
('101','101','5'),
('102','102','1'),
('103','103','6'),
('104','104','3'),
('105','105','6'),
('147','106','5'),
('148','107','1'),
('149','108','6'),
('150','109','2'),
('151','110','1'),
('152','111','4'),
('153','112','1'),
('154','113','4'),
('155','114','3'),
('156','115','3'),
('157','116','4'),
('158','117','4'),
('159','118','6'),
('160','119','4'),
('161','120','6'),
('162','121','2'),
('163','122','5'),
('164','123','4'),
('165','124','6'),
('166','125','1'),
('167','126','5'),
('168','127','4'),
('169','128','6'),
('170','129','2'),
('171','130','6'),
('172','131','1'),
('173','132','3'),
('174','133','2'),
('175','134','5'),
('176','135','1'),
('177','136','4'),
('15','137','2'),
('179','138','6'),
('180','139','4'),
('181','140','5'),
('182','141','2'),
('183','142','1'),
('184','143','3'),
('185','144','5'),
('186','145','4'),
('187','146','3'),
('188','147','1'),
('189','148','5'),
('190','149','4'),
('191','150','1'),
('192','151','3'),
('193','152','6'),
('194','153','3'),
('195','154','4'),
('196','155','2'),
('197','156','1'),
('198','157','2'),
('199','158','1'),
('200','159','1'),
('1','160','4'),
('2','161','3'),
('162','162','2'),
('163','163','5'),
('164','164','1'),
('165','165','2'),
('166','166','4'),
('167','167','3'),
('168','168','5'),
('169','169','2'),
('170','170','2'),
('171','171','2'),
('172','172','1'),
('173','173','3'),
('174','174','5'),
('175','175','3'),
('176','176','1'),
('177','177','1'),
('15','178','5'),
('179','179','4'),
('180','180','5'),
('181','181','6'),
('182','182','4'),
('183','183','5'),
('184','184','5'),
('185','185','5'),
('186','186','5'),
('187','187','4'),
('188','188','2'),
('189','189','5'),
('190','190','2'),
('191','191','4'),
('192','192','5'),
('193','193','1'),
('194','194','4'),
('195','195','4'),
('196','196','5'),
('197','197','5'),
('198','198','4'),
('199','199','6'),
('200','200','2'),
('1','201','2'),
('2','202','6'),
('3','203','5'),
('4','204','6'),
('5','205','5'),
('6','206','3'),
('7','207','1'),
('8','208','1'),
('9','209','1'),
('10','210','1'),
('11','211','4'),
('12','212','5'),
('13','213','4'),
('14','214','6'),
('15','215','1'),
('16','216','5'),
('17','217','1'),
('18','218','2'),
('19','219','5'),
('20','220','3'),
('21','221','2'),
('22','222','5'),
('23','223','6'),
('24','224','4'),
('25','225','2'),
('26','226','4'),
('27','227','1'),
('28','228','6'),
('29','229','5'),
('30','230','1'),
('2','231','3'),
('2','232','1'),
('33','233','3'),
('34','234','1'),
('35','235','5'),
('2','236','3'),
('37','237','1'),
('38','238','4'),
('2','239','5'),
('40','240','2'),
('41','241','3'),
('42','242','3'),
('43','243','4'),
('44','244','5'),
('45','245','3'),
('46','246','1'),
('47','247','2'),
('48','248','2'),
('49','249','4'),
('50','250','1'),
('51','251','2'),
('52','252','1'),
('53','253','5'),
('54','254','5'),
('55','255','3'),
('56','256','5'),
('57','257','2'),
('58','258','3'),
('59','259','2'),
('60','260','2'),
('61','261','4'),
('62','262','5'),
('63','263','2'),
('64','264','2'),
('65','265','5'),
('66','266','3'),
('67','267','3'),
('68','268','1'),
('69','269','1'),
('70','270','4'),
('71','271','1'),
('72','272','1'),
('73','273','5'),
('74','274','1'),
('75','275','6'),
('76','276','3'),
('77','277','6'),
('5','278','5'),
('79','279','4'),
('80','280','5'),
('81','281','5'),
('82','282','2'),
('83','283','3'),
('84','284','3'),
('85','285','3'),
('86','286','6'),
('87','287','5'),
('88','288','1'),
('89','289','1'),
('90','290','4'),
('91','291','4'),
('92','292','2'),
('93','293','2'),
('94','294','2'),
('95','295','4'),
('96','296','4'),
('97','297','1'),
('98','298','3'),
('99','299','5'),
('100','300','5'),
('101','301','3'),
('102','302','1'),
('103','303','4'),
('104','304','6'),
('105','305','4'),
('106','306','2'),
('107','307','3'),
('108','308','4'),
('109','309','6'),
('110','310','3'),
('111','311','3'),
('112','312','2'),
('113','313','2'),
('114','314','1'),
('115','315','4'),
('116','316','6'),
('117','317','4'),
('118','318','4'),
('119','319','5'),
('120','320','6'),
('121','321','1'),
('122','322','5'),
('123','323','1'),
('124','324','1'),
('125','325','5'),
('126','326','4'),
('127','327','1'),
('128','328','1'),
('129','329','6'),
('130','330','5'),
('12','331','3'),
('12','332','4'),
('133','333','4'),
('134','334','3'),
('135','335','3'),
('12','336','2'),
('137','337','6'),
('138','338','3'),
('12','339','6'),
('140','340','2'),
('141','341','3'),
('142','342','4'),
('143','343','3'),
('144','344','2'),
('145','345','3'),
('146','346','6'),
('147','347','6'),
('148','348','3'),
('149','349','3'),
('150','350','2'),
('151','351','5'),
('152','352','1'),
('153','353','4'),
('154','354','3'),
('155','355','6'),
('156','356','4'),
('157','357','1'),
('158','358','5'),
('159','359','4'),
('160','360','4'),
('161','361','3'),
('162','362','3'),
('163','363','1'),
('164','364','6'),
('165','365','5'),
('166','366','1'),
('167','367','3'),
('168','368','6'),
('169','369','3'),
('170','370','6'),
('171','371','6'),
('172','372','1'),
('173','373','4'),
('174','374','5'),
('175','375','4'),
('176','376','6'),
('177','377','2'),
('15','378','2'),
('179','379','4'),
('180','380','1'),
('181','381','3'),
('182','382','3'),
('183','383','6'),
('184','384','4'),
('185','385','1'),
('186','386','3'),
('187','387','2'),
('188','388','5'),
('189','389','4'),
('190','390','4'),
('191','391','2'),
('192','392','3'),
('193','393','2'),
('194','394','2'),
('195','395','1'),
('196','396','2'),
('197','397','6'),
('198','398','2'),
('199','399','6'),
('200','400','2'),
('1','401','6'),
('2','402','6'),
('3','403','4'),
('4','404','1'),
('5','405','5'),
('6','406','6'),
('7','407','5'),
('8','408','6'),
('9','409','1'),
('10','410','1'),
('11','411','1'),
('12','412','1'),
('13','413','1'),
('14','414','1'),
('15','415','3'),
('16','416','3'),
('17','417','1'),
('18','418','5'),
('19','419','2'),
('20','420','4'),
('21','421','3'),
('22','422','5'),
('23','423','3'),
('24','424','6'),
('25','425','1'),
('26','426','6'),
('27','427','3'),
('28','428','1'),
('29','429','4'),
('30','430','5'),
('2','431','5'),
('2','432','6'),
('33','433','6'),
('34','434','4'),
('35','435','4'),
('2','436','5'),
('37','437','5'),
('38','438','6'),
('2','439','6'),
('40','440','2'),
('41','441','3'),
('42','442','3'),
('43','443','1'),
('44','444','1'),
('45','445','1'),
('46','446','1'),
('47','447','4'),
('48','448','4'),
('49','449','1'),
('50','450','6'),
('51','451','6'),
('52','452','6'),
('53','453','6'),
('54','454','3'),
('55','455','6'),
('56','456','1'),
('57','457','2'),
('58','458','1'),
('59','459','4'),
('60','460','2'),
('61','461','6'),
('62','462','3'),
('63','463','4'),
('64','464','5'),
('65','465','5'),
('66','466','6'),
('67','467','2'),
('68','468','4'),
('69','469','2'),
('70','470','2'),
('71','471','2'),
('72','472','5'),
('73','473','2'),
('74','474','5'),
('75','475','2'),
('76','476','2'),
('77','477','2'),
('5','478','2'),
('79','479','5'),
('80','480','5'),
('81','481','2'),
('82','482','2'),
('83','483','4'),
('84','484','3'),
('85','485','6'),
('86','486','1'),
('87','487','6'),
('88','488','6'),
('89','489','5'),
('90','490','4'),
('91','491','4'),
('92','492','2'),
('93','493','4'),
('94','494','3'),
('95','495','6'),
('96','496','3'),
('97','497','1'),
('98','498','4'),
('99','499','1'),
('100','500','1'),
('101','501','3'),
('102','502','2'),
('103','503','2'),
('104','504','2'),
('105','505','3'),
('106','506','6'),
('107','507','1'),
('108','508','5'),
('109','509','6'),
('110','510','5'),
('111','511','6'),
('112','512','1'),
('113','513','1'),
('114','514','5'),
('115','515','6'),
('116','516','1'),
('117','517','3'),
('118','518','5'),
('119','519','5'),
('120','520','3'),
('121','521','6'),
('122','522','3'),
('123','523','6'),
('124','524','5'),
('125','525','4'),
('126','526','5'),
('127','527','1'),
('128','528','5'),
('129','529','1'),
('130','530','4'),
('12','531','3'),
('12','532','3'),
('133','533','5'),
('134','534','4'),
('135','535','1'),
('12','536','4'),
('137','537','1'),
('138','538','6'),
('12','539','4'),
('140','540','6'),
('141','541','2'),
('142','542','2'),
('143','543','5'),
('144','544','6'),
('145','545','5'),
('146','546','1'),
('147','547','1'),
('148','548','3'),
('149','549','6'),
('150','550','5'),
('151','551','1'),
('152','552','6'),
('153','553','3'),
('154','554','4'),
('155','555','6'),
('156','556','1'),
('157','557','3'),
('158','558','3'),
('159','559','4'),
('160','560','6'),
('161','561','4'),
('162','562','2'),
('163','563','2'),
('164','564','4'),
('165','565','5'),
('166','566','6'),
('167','567','6'),
('168','568','3'),
('169','569','5'),
('170','570','2'),
('171','571','2'),
('172','572','6'),
('173','573','4'),
('174','574','2'),
('175','575','1'),
('176','576','3'),
('177','577','1'),
('15','578','4'),
('179','579','2'),
('180','580','1'),
('181','581','3'),
('182','582','4'),
('183','583','5'),
('184','584','6'),
('185','585','6'),
('186','586','1'),
('187','587','3'),
('188','588','3'),
('189','589','2'),
('190','590','3'),
('191','591','6'),
('192','592','2'),
('193','593','2'),
('194','594','4'),
('195','595','1'),
('196','596','4'),
('197','597','5'),
('198','598','6'),
('199','599','6'),
('200','600','5'),
('1','601','4'),
('2','602','2'),
('3','603','3'),
('4','604','3'),
('5','605','4'),
('6','606','5'),
('7','607','1'),
('8','608','4'),
('9','609','3'),
('10','610','1'),
('11','611','2'),
('12','612','1'),
('13','613','6'),
('14','614','5'),
('15','615','6'),
('16','616','3'),
('17','617','5'),
('18','618','2'),
('19','619','1'),
('20','620','2'),
('21','621','1'),
('22','622','3'),
('23','623','6'),
('24','624','2'),
('25','625','5'),
('26','626','5'),
('27','627','3'),
('28','628','4'),
('29','629','1'),
('30','630','1'),
('2','631','2'),
('2','632','3'),
('33','633','4'),
('34','634','5'),
('35','635','1'),
('2','636','5'),
('37','637','3'),
('38','638','2'),
('2','639','5'),
('40','640','4'),
('41','641','6'),
('42','642','2'),
('43','643','3'),
('44','644','5'),
('45','645','6'),
('46','646','6'),
('47','647','5'),
('48','648','3'),
('49','649','5');

--Review

Insert Into Review
(Rating,Comment ,CustomerID ,OrderedProductID )
Values

('4','Great Product Slow delivery. Such slow much wow','1','1'),
('1','DISAPPOINTED!!!','2','2'),
('1','DISAPPOINTED!!!','3','3'),
('2','Not Good','4','4'),
('3','Fair','5','5'),
('3','Fair','6','6'),
('5','Great product reached on time :)','7','7'),
('2','Not Good','8','8'),
('1','DISAPPOINTED!!!','9','9'),
('5','Great product reached on time :)','10','10'),
('1','DISAPPOINTED!!!','11','11'),
('4','Great Product Slow delivery. Such slow much wow','12','12'),
('1','DISAPPOINTED!!!','13','13'),
('4','Great Product Slow delivery. Such slow much wow','14','14'),
('5','Great product reached on time :)','15','15'),
('3','Fair','16','16'),
('3','Fair','17','17'),
('1','DISAPPOINTED!!!','18','18'),
('2','Not Good','19','19'),
('4','Great Product Slow delivery. Such slow much wow','20','20'),
('3','Fair','21','21'),
('4','Great Product Slow delivery. Such slow much wow','22','22'),
('2','Not Good','23','23'),
('2','Not Good','24','24'),
('3','Fair','25','25'),
('1','DISAPPOINTED!!!','26','26'),
('4','Great Product Slow delivery. Such slow much wow','27','27'),
('3','Fair','28','28'),
('5','Great product reached on time :)','29','29'),
('2','Not Good','30','30'),
('3','Fair','31','31'),
('4','Great Product Slow delivery. Such slow much wow','32','32'),
('5','Great product reached on time :)','33','33'),
('1','DISAPPOINTED!!!','34','34'),
('2','Not Good','35','35'),
('3','Fair','36','36'),
('2','Not Good','37','37'),
('4','Great Product Slow delivery. Such slow much wow','38','38'),
('5','Great product reached on time :)','39','39'),
('2','You know, you walk out the door. You see someone that you know, andthey ask you how you are, and you just have to say that youre fine, when youre not really fine, but you just cant get into it because they would never understand.','40','40'),
('2','Not Good','41','41'),
('1','DISAPPOINTED!!!','42','42'),
('2','Not Good','43','43'),
('4','Great Product Slow delivery. Such slow much wow','44','44'),
('4','Great Product Slow delivery. Such slow much wow','45','45'),
('1','DISAPPOINTED!!!','46','46'),
('4','Great Product Slow delivery. Such slow much wow','47','47'),
('1','DISAPPOINTED!!!','48','48'),
('3','Fair','49','49'),
('3','Fair','50','50'),
('5','Great product reached on time :)','51','51'),
('1','DISAPPOINTED!!!','52','52'),
('4','Great Product Slow delivery. Such slow much wow','53','53'),
('2','You know, you walk out the door. You see someone that you know, andthey ask you how you are, and you just have to say that youre fine, when youre not really fine, but you just cant get into it because they would never understand.','54','54'),
('2','Not Good','55','55'),
('3','Fair','56','56'),
('4','Great Product Slow delivery. Such slow much wow','57','57'),
('3','Fair','58','58'),
('1','DISAPPOINTED!!!','59','59'),
('5','Great product reached on time :)','60','60'),
('2','Not Good','61','61'),
('5','Great product reached on time :)','62','62'),
('4','Great Product Slow delivery. Such slow much wow','63','63'),
('1','DISAPPOINTED!!!','64','64'),
('3','Fair','65','65'),
('4','Great Product Slow delivery. Such slow much wow','66','66'),
('3','Fair','67','67'),
('4','Great Product Slow delivery. Such slow much wow','68','68'),
('5','Great product reached on time :)','69','69'),
('1','DISAPPOINTED!!!','70','70'),
('5','Great product reached on time :)','71','71'),
('5','Great product reached on time :)','72','72'),
('5','Great product reached on time :)','73','73'),
('1','Cant rate lower than 1 Unfortunately','74','74'),
('5','Great product reached on time :)','75','75'),
('2','You know, you walk out the door. You see someone that you know, andthey ask you how you are, and you just have to say that youre fine, when youre not really fine, but you just cant get into it because they would never understand.','76','76'),
('3','Fair','77','77'),
('1','DISAPPOINTED!!!','78','78'),
('3','Fair','79','79'),
('3','Fair','80','80'),
('1','DISAPPOINTED!!!','81','81'),
('4','Great Product Slow delivery. Such slow much wow','82','82'),
('1','DISAPPOINTED!!!','83','83'),
('2','You know, you walk out the door. You see someone that you know, andthey ask you how you are, and you just have to say that youre fine, when youre not really fine, but you just cant get into it because they would never understand.','84','84'),
('4','Great Product Slow delivery. Such slow much wow','85','85'),
('4','Great Product Slow delivery. Such slow much wow','86','86'),
('4','Great Product Slow delivery. Such slow much wow','87','87'),
('1','DISAPPOINTED!!!','88','88'),
('5','Great product reached on time :)','89','89'),
('3','Fair','90','90'),
('1','DISAPPOINTED!!!','91','91'),
('5','Great product reached on time :)','92','92'),
('4','Great Product Slow delivery. Such slow much wow','93','93'),
('2','You know, you walk out the door. You see someone that you know, andthey ask you how you are, and you just have to say that youre fine, when youre not really fine, but you just cant get into it because they would never understand.','94','94'),
('2','Not Good','95','95'),
('3','Fair','96','96'),
('1','DISAPPOINTED!!!','97','97'),
('5','Great product reached on time :)','98','98'),
('5','Great product reached on time :)','99','99'),
('5','Great product reached on time :)','100','100'),
('5','Great product reached on time :)','101','101'),
('2','You know, you walk out the door. You see someone that you know, andthey ask you how you are, and you just have to say that youre fine, when youre not really fine, but you just cant get into it because they would never understand.','102','102'),
('4','Great Product Slow delivery. Such slow much wow','103','103'),
('4','Great Product Slow delivery. Such slow much wow','104','104'),
('3','Fair','105','105'),
('3','Fair','106','106'),
('2','Not Good','107','107'),
('1','DISAPPOINTED!!!','108','108'),
('3','Fair','109','109'),
('4','Great Product Slow delivery. Such slow much wow','110','110'),
('1','DISAPPOINTED!!!','111','111'),
('2','Not Good','112','112'),
('3','Fair','113','113'),
('5','Great product reached on time :)','114','114'),
('1','DISAPPOINTED!!!','115','115'),
('1','DISAPPOINTED!!!','116','116'),
('3','Fair','117','117'),
('4','Great Product Slow delivery. Such slow much wow','118','118'),
('2','Not Good','119','119'),
('4','Great Product Slow delivery. Such slow much wow','120','120'),
('4','Great Product Slow delivery. Such slow much wow','121','121'),
('3','Fair','122','122'),
('3','Fair','123','123'),
('2','Not Good','124','124'),
('1','DISAPPOINTED!!!','125','125'),
('1','DISAPPOINTED!!!','126','126'),
('3','Fair','127','127'),
('1','DISAPPOINTED!!!','128','128'),
('3','Fair','129','129'),
('2','Not Good','130','130'),
('3','Fair','131','131'),
('2','Not Good','132','132'),
('3','Fair','133','133'),
('2','Not Good','134','134'),
('2','Not Good','135','135'),
('4','Great Product Slow delivery. Such slow much wow','136','136'),
('5','Great product reached on time :)','137','137'),
('2','Not Good','138','138'),
('4','Great Product Slow delivery. Such slow much wow','139','139'),
('4','Great Product Slow delivery. Such slow much wow','140','140'),
('2','Not Good','141','141'),
('4','Great Product Slow delivery. Such slow much wow','142','142'),
('4','Great Product Slow delivery. Such slow much wow','143','143'),
('3','Fair','144','144'),
('5','Great product reached on time :)','145','145'),
('5','Great product reached on time :)','146','146'),
('2','Not Good','147','147'),
('5','Great product reached on time :)','148','148'),
('3','Fair','149','149'),
('5','Great product reached on time :)','150','150'),
('2','Not Good','151','151'),
('3','Fair','152','152'),
('1','DISAPPOINTED!!!','153','153'),
('5','Great product reached on time :)','154','154'),
('3','Fair','155','155'),
('5','Great product reached on time :)','156','156'),
('2','Not Good','157','157'),
('1','DISAPPOINTED!!!','158','158'),
('4','Great Product Slow delivery. Such slow much wow','159','159'),
('2','Not Good','160','160'),
('1','DISAPPOINTED!!!','161','161'),
('5','Great product reached on time :)','162','162'),
('5','Great product reached on time :)','163','163'),
('5','Great product reached on time :)','164','164'),
('1','DISAPPOINTED!!!','165','165'),
('4','Great Product Slow delivery. Such slow much wow','166','166'),
('1','DISAPPOINTED!!!','167','167'),
('1','DISAPPOINTED!!!','168','168'),
('4','Great Product Slow delivery. Such slow much wow','169','169'),
('2','Not Good','170','170'),
('2','Not Good','171','171'),
('5','Great product reached on time :)','172','172'),
('5','Great product reached on time :)','173','173'),
('4','Great Product Slow delivery. Such slow much wow','174','174'),
('5','Great product reached on time :)','175','175'),
('1','DISAPPOINTED!!!','176','176'),
('5','Great product reached on time :)','177','177'),
('5','Great product reached on time :)','178','178'),
('5','Great product reached on time :)','179','179'),
('5','Great product reached on time :)','180','180'),
('1','DISAPPOINTED!!!','181','181'),
('4','Great Product Slow delivery. Such slow much wow','182','182'),
('3','Fair','183','183'),
('2','Not Good','184','184'),
('3','Fair','185','185'),
('5','Great product reached on time :)','186','186'),
('1','DISAPPOINTED!!!','187','187'),
('2','Not Good','188','188'),
('3','Fair','189','189'),
('4','Great Product Slow delivery. Such slow much wow','190','190'),
('1','DISAPPOINTED!!!','191','191'),
('2','Not Good','192','192'),
('3','Fair','193','193'),
('2','Not Good','194','194'),
('3','Fair','195','195'),
('1','DISAPPOINTED!!!','196','196'),
('5','Great product reached on time :)','197','197'),
('1','DISAPPOINTED!!!','198','198'),
('1','DISAPPOINTED!!!','199','199'),
('4','Great Product Slow delivery. Such slow much wow','200','200'),
('1','DISAPPOINTED!!!','201','201'),
('1','DISAPPOINTED!!!','202','202'),
('1','DISAPPOINTED!!!','203','203'),
('4','Great Product Slow delivery. Such slow much wow','204','204'),
('1','DISAPPOINTED!!!','205','205'),
('5','Great product reached on time :)','206','206'),
('4','Great Product Slow delivery. Such slow much wow','207','207'),
('1','DISAPPOINTED!!!','208','208'),
('2','Not Good','209','209'),
('5','Great product reached on time :)','210','210'),
('2','Not Good','211','211'),
('5','Great product reached on time :)','212','212'),
('2','Not Good','213','213'),
('1','DISAPPOINTED!!!','214','214'),
('1','DISAPPOINTED!!!','215','215'),
('5','Great product reached on time :)','216','216'),
('2','Not Good','217','217'),
('2','Not Good','218','218'),
('5','Great product reached on time :)','219','219'),
('5','Great product reached on time :)','220','220'),
('3','Fair','221','221'),
('3','Fair','222','222'),
('2','Not Good','223','223'),
('4','Great Product Slow delivery. Such slow much wow','224','224'),
('5','Great product reached on time :)','225','225'),
('4','Great Product Slow delivery. Such slow much wow','226','226'),
('1','DISAPPOINTED!!!','227','227'),
('5','Great product reached on time :)','228','228'),
('4','Great Product Slow delivery. Such slow much wow','229','229'),
('1','DISAPPOINTED!!!','230','230'),
('3','Fair','231','231'),
('4','Great Product Slow delivery. Such slow much wow','232','232'),
('1','DISAPPOINTED!!!','233','233'),
('5','Great product reached on time :)','234','234'),
('5','Great product reached on time :)','235','235'),
('2','Not Good','236','236'),
('5','Great product reached on time :)','237','237'),
('1','DISAPPOINTED!!!','238','238'),
('3','Fair','239','239'),
('3','Fair','240','240'),
('1','DISAPPOINTED!!!','241','241'),
('2','Not Good','242','242'),
('5','Great product reached on time :)','243','243'),
('5','Great product reached on time :)','244','244'),
('3','Fair','245','245'),
('2','Not Good','246','246'),
('3','Fair','247','247'),
('4','Great Product Slow delivery. Such slow much wow','248','248'),
('4','Great Product Slow delivery. Such slow much wow','249','249'),
('2','Not Good','250','250'),
('3','Fair','251','251'),
('3','Fair','252','252'),
('5','Great product reached on time :)','253','253'),
('5','Great product reached on time :)','254','254'),
('1','DISAPPOINTED!!!','255','255'),
('1','DISAPPOINTED!!!','256','256'),
('1','DISAPPOINTED!!!','257','257'),
('5','Great product reached on time :)','258','258'),
('3','Fair','259','259'),
('4','Great Product Slow delivery. Such slow much wow','260','260'),
('3','Fair','261','261'),
('2','Not Good','262','262'),
('4','Great Product Slow delivery. Such slow much wow','263','263'),
('3','Fair','264','264'),
('3','Fair','265','265'),
('5','Great product reached on time :)','266','266'),
('2','Not Good','267','267'),
('2','You know, you walk out the door. You see someone that you know, andthey ask you how you are, and you just have to say that youre fine, when youre not really fine, but you just cant get into it because they would never understand.','268','268'),
('2','Not Good','269','269'),
('2','Not Good','270','270'),
('1','DISAPPOINTED!!!','271','271'),
('3','Fair','272','272'),
('2','Not Good','273','273'),
('1','DISAPPOINTED!!!','274','274'),
('5','Great product reached on time :)','275','275'),
('3','Fair','276','276'),
('5','Great product reached on time :)','277','277'),
('4','Great Product Slow delivery. Such slow much wow','278','278'),
('5','Great product reached on time :)','279','279'),
('2','Not Good','280','280'),
('1','DISAPPOINTED!!!','281','281'),
('5','Great product reached on time :)','282','282'),
('2','You know, you walk out the door. You see someone that you know, andthey ask you how you are, and you just have to say that youre fine, when youre not really fine, but you just cant get into it because they would never understand.','283','283'),
('2','Not Good','284','284'),
('5','Great product reached on time :)','285','285'),
('2','Not Good','286','286'),
('5','OVER 9000!!!','287','287'),
('2','Not Good','288','288'),
('3','Fair','289','289'),
('3','Fair','290','290'),
('3','Fair','291','291'),
('1','DISAPPOINTED!!!','292','292'),
('4','Great Product Slow delivery. Such slow much wow','293','293'),
('3','Fair','294','294'),
('2','Not Good','295','295'),
('3','Fair','296','296'),
('1','DISAPPOINTED!!!','297','297'),
('2','Not Good','298','298'),
('2','Not Good','299','299'),
('1','DISAPPOINTED!!!','300','300'),
('5','Great product reached on time :)','301','301'),
('4','Great Product Slow delivery. Such slow much wow','302','302'),
('2','You know, you walk out the door. You see someone that you know, andthey ask you how you are, and you just have to say that youre fine, when youre not really fine, but you just cant get into it because they would never understand.','303','303'),
('5','Great product reached on time :)','304','304'),
('4','Great Product Slow delivery. Such slow much wow','305','305'),
('5','Great product reached on time :)','306','306'),
('1','DISAPPOINTED!!!','307','307'),
('4','Great Product Slow delivery. Such slow much wow','308','308'),
('1','DISAPPOINTED!!!','309','309'),
('2','Not Good','310','310'),
('3','Fair','311','311'),
('5','Great product reached on time :)','312','312'),
('5','Great product reached on time :)','313','313'),
('5','Great product reached on time :)','314','314'),
('4','Great Product Slow delivery. Such slow much wow','315','315'),
('2','Not Good','316','316'),
('5','Great product reached on time :)','317','317'),
('1','DISAPPOINTED!!!','318','318'),
('2','You know, you walk out the door. You see someone that you know, andthey ask you how you are, and you just have to say that youre fine, when youre not really fine, but you just cant get into it because they would never understand.','319','319'),
('5','Great product reached on time :)','320','320'),
('3','Fair','321','321'),
('5','Great product reached on time :)','322','322'),
('5','Great product reached on time :)','323','323'),
('4','Great Product Slow delivery. Such slow much wow','324','324'),
('5','Great product reached on time :)','325','325'),
('2','Not Good','326','326'),
('4','Great Product Slow delivery. Such slow much wow','327','327'),
('4','Great Product Slow delivery. Such slow much wow','328','328'),
('5','Great product reached on time :)','329','329'),
('5','Great product reached on time :)','330','330'),
('2','Not Good','331','331'),
('4','Great Product Slow delivery. Such slow much wow','332','332'),
('4','Great Product Slow delivery. Such slow much wow','333','333'),
('3','Fair','334','334'),
('3','Fair','335','335'),
('1','DISAPPOINTED!!!','336','336'),
('2','Not Good','337','337'),
('4','Great Product Slow delivery. Such slow much wow','338','338'),
('2','Not Good','339','339'),
('5','Great product reached on time :)','340','340'),
('2','Not Good','341','341'),
('4','Great Product Slow delivery. Such slow much wow','342','342'),
('2','Not Good','343','343'),
('3','Fair','344','344'),
('3','Fair','345','345'),
('2','Not Good','346','346'),
('3','Fair','347','347'),
('1','DISAPPOINTED!!!','348','348'),
('4','Great Product Slow delivery. Such slow much wow','349','349'),
('3','Fair','350','350'),
('5','Great product reached on time :)','351','351'),
('4','Great Product Slow delivery. Such slow much wow','352','352'),
('5','Great product reached on time :)','353','353'),
('4','Great Product Slow delivery. Such slow much wow','354','354'),
('1','DISAPPOINTED!!!','355','355'),
('4','Great Product Slow delivery. Such slow much wow','356','356'),
('5','Great product reached on time :)','357','357'),
('3','Fair','358','358'),
('3','Fair','359','359'),
('5','Great product reached on time :)','360','360'),
('2','Not Good','361','361'),
('5','Great product reached on time :)','362','362'),
('1','DISAPPOINTED!!!','363','363'),
('2','Not Good','364','364'),
('1','DISAPPOINTED!!!','365','365'),
('1','DISAPPOINTED!!!','366','366'),
('5','Great product reached on time :)','367','367'),
('4','Great Product Slow delivery. Such slow much wow','368','368'),
('3','Fair','369','369'),
('5','Great product reached on time :)','370','370'),
('1','DISAPPOINTED!!!','371','371'),
('4','Great Product Slow delivery. Such slow much wow','372','372'),
('1','DISAPPOINTED!!!','373','373'),
('4','Great Product Slow delivery. Such slow much wow','374','374'),
('1','DISAPPOINTED!!!','375','375'),
('5','Great product reached on time :)','376','376'),
('2','You know, you walk out the door. You see someone that you know, andthey ask you how you are, and you just have to say that youre fine, when youre not really fine, but you just cant get into it because they would never understand.','377','377'),
('4','Great Product Slow delivery. Such slow much wow','378','378'),
('3','Fair','379','379'),
('1','DISAPPOINTED!!!','380','380'),
('1','DISAPPOINTED!!!','381','381'),
('1','DISAPPOINTED!!!','382','382'),
('5','Great product reached on time :)','383','383'),
('5','Great product reached on time :)','384','384'),
('5','Great product reached on time :)','385','385'),
('3','Fair','386','386'),
('1','DISAPPOINTED!!!','387','387'),
('1','DISAPPOINTED!!!','388','388'),
('1','DISAPPOINTED!!!','389','389'),
('4','Great Product Slow delivery. Such slow much wow','390','390'),
('2','Not Good','391','391'),
('5','Great product reached on time :)','392','392'),
('3','Fair','393','393'),
('1','DISAPPOINTED!!!','394','394'),
('2','Not Good','395','395'),
('4','Great Product Slow delivery. Such slow much wow','396','396'),
('3','Fair','397','397');
